goals,yellowCards,redCards,groundDuelsWon,groundDuelsWonPercentage,aerialDuelsWon,aerialDuelsWonPercentage,successfulDribbles,successfulDribblesPercentage,tackles,assists,accuratePassesPercentage,totalDuelsWon,totalDuelsWonPercentage,minutesPlayed,wasFouled,fouls,dispossessed,appearances,saves,savedShotsFromInsideTheBox,savedShotsFromOutsideTheBox,goalsConcededInsideTheBox,goalsConcededOutsideTheBox,highClaims,successfulRunsOut,punches,runsOut,accurateFinalThirdPasses,bigChancesCreated,accuratePasses,keyPasses,accurateCrosses,accurateCrossesPercentage,accurateLongBalls,accurateLongBallsPercentage,interceptions,clearances,dribbledPast,bigChancesMissed,totalShots,shotsOnTarget,blockedShots,goalConversionPercentage,hitWoodwork,offsides,expectedGoals,errorLeadToGoal,errorLeadToShot,passToAssist,player,team,player id,team id
2,1,0,6,46.15,0,0.0,1,50.0,2,0,57.14,6,35.29,90,3,4,2,2,0,0,0,2,0,0,0,0,0,2,0,8,0,0,0.0,0,0.0,0,1,0,1,3,3,0,66.67,0,0,0.33,0,0,0,Bachir Gueye,Antalyaspor,2266453,3056
0,1,0,1,100.0,1,100.0,0,0.0,0,0,71.19,2,100.0,180,1,0,0,2,9,7,2,1,0,1,0,1,0,1,0,42,0,0,0.0,8,33.33,0,2,0,0,0,0,0,0.0,0,0,,0,0,0,Tarık Çetin,Fenerbahçe,913985,3052
0,0,0,0,0.0,0,0.0,0,0.0,0,0,70.59,0,0.0,90,0,0,0,1,1,0,1,0,0,0,0,0,0,0,0,24,0,0,0.0,3,23.08,0,0,0,0,0,0,0,0.0,0,0,,0,0,0,Deniz Dilmen,Başakşehir FK,1065508,3086
8,1,0,22,37.29,1,50.0,9,52.94,10,5,87.65,23,37.7,1014,3,9,13,13,0,0,0,7,3,0,0,0,0,186,5,376,27,7,15.91,14,66.67,5,3,7,5,42,17,14,19.05,2,0,4.43,0,0,0,Marco Asensio,Fenerbahçe,361004,3052
3,0,0,35,50.0,2,33.33,17,51.52,9,6,87.66,37,48.68,887,9,3,11,14,0,0,0,5,0,0,0,0,0,149,6,334,23,6,33.33,9,69.23,6,2,6,6,20,7,4,15.0,0,1,3.23,0,0,0,Yunus Akgün,Galatasaray,857738,3061
4,4,0,47,58.02,16,55.17,2,50.0,13,1,77.3,63,57.27,877,34,14,7,12,0,0,0,9,1,0,0,0,0,66,2,218,14,1,14.29,13,36.11,4,22,11,0,12,5,3,33.33,0,1,0.85,0,0,0,Oğulcan Ülgün,Gençlerbirliği,1063942,7802
2,5,0,54,65.85,41,65.08,2,66.67,33,0,93.19,95,65.52,1440,19,20,3,16,0,0,0,9,4,0,0,0,0,119,0,1040,0,0,0.0,44,57.89,10,80,6,0,14,4,2,14.29,0,1,0.88,0,0,0,Milan Škriniar,Fenerbahçe,187205,3052
6,0,0,67,45.58,5,45.45,38,55.07,21,3,84.57,72,45.57,1404,8,15,24,17,0,0,0,11,0,0,0,0,0,214,10,548,29,11,22.45,14,56.0,7,2,11,6,38,11,8,15.79,0,1,5.45,0,1,0,Leroy Sané,Galatasaray,293519,3061
0,0,0,4,80.0,6,100.0,0,0.0,2,1,70.42,10,90.91,1440,4,0,0,16,57,38,19,15,3,13,10,4,11,18,2,419,2,0,0.0,90,34.48,0,14,1,0,0,0,0,0.0,0,0,,1,0,0,Muhammed Şengezer,Başakşehir FK,827418,3086
1,0,0,12,48.0,14,63.64,3,42.86,4,0,62.96,26,55.32,124,5,7,1,3,0,0,0,0,0,0,0,0,0,11,0,17,1,0,0.0,0,0.0,0,2,1,0,3,2,0,33.33,0,0,0.28,0,0,0,Emersonn,Göztepe,1128844,3054
0,1,0,10,71.43,10,71.43,2,100.0,7,0,89.84,20,71.43,270,1,2,0,3,0,0,0,7,0,0,0,0,0,10,0,115,0,0,0.0,10,62.5,10,16,3,0,0,0,0,0.0,0,0,,0,0,0,Majid Hosseini,Kayserispor,359332,3072
0,0,0,0,0.0,2,100.0,0,0.0,0,0,55.62,2,100.0,540,0,0,0,6,19,16,3,8,0,4,0,3,0,6,0,99,0,0,0.0,35,30.7,0,4,0,0,0,0,0,0.0,0,0,,0,0,0,Ricardo Velho,Gençlerbirliği,845792,7802
0,0,0,14,66.67,13,86.67,0,0.0,10,1,89.31,27,75.0,360,4,6,1,4,0,0,0,3,1,0,0,0,0,13,0,234,2,1,50.0,12,63.16,1,11,0,0,2,0,0,0.0,0,0,0.16,0,0,0,Çağlar Söyüncü,Fenerbahçe,758608,3052
0,0,0,5,83.33,6,85.71,0,0.0,0,0,38.34,11,84.62,1530,6,0,0,17,49,32,17,7,2,6,12,12,12,71,0,176,0,0,0.0,143,33.65,1,27,1,0,0,0,0,0.0,1,0,,0,0,0,Mateusz Lis,Göztepe,798375,3054
2,1,0,27,56.25,4,66.67,4,50.0,14,1,93.8,31,57.41,696,9,9,0,10,0,0,0,5,0,0,0,0,0,92,2,484,15,4,28.57,27,93.1,5,7,9,0,8,2,3,25.0,0,0,1.71,0,0,0,İlkay Gündoğan,Galatasaray,45853,3061
2,1,0,56,47.46,2,22.22,26,57.78,15,3,79.45,58,45.67,1275,16,18,14,17,0,0,0,13,2,0,0,0,0,170,8,379,42,33,30.0,34,56.67,5,1,12,1,42,12,12,4.76,2,3,2.36,0,0,0,Oleksandr Zubkov,Trabzonspor,353282,3051
5,0,0,44,59.46,1,20.0,17,60.71,9,1,80.67,45,56.96,820,18,8,9,10,0,0,0,13,0,0,0,0,0,100,3,217,15,0,0.0,10,62.5,3,0,3,5,24,13,7,20.83,1,3,4.49,0,0,0,Rafa Silva,Beşiktaş JK,252577,3050
2,3,0,37,58.73,47,54.02,5,83.33,27,0,86.66,84,56.0,1530,5,22,2,17,0,0,0,19,1,0,0,0,0,127,0,825,6,2,25.0,90,56.6,12,130,3,3,12,3,2,16.67,2,0,1.39,0,1,0,Rick Van Drongelen,Samsunspor,803023,3053
0,4,0,50,60.24,13,59.09,1,50.0,31,1,75.06,63,60.0,894,19,20,3,12,0,0,0,4,0,0,0,0,0,68,4,304,10,7,20.0,41,46.59,16,33,10,0,6,2,0,0.0,1,0,0.09,0,0,0,Ahmet Oğuz,Kocaelispor,603902,3065
0,0,0,2,66.67,5,100.0,0,0.0,0,0,71.88,7,87.5,1440,4,0,0,16,54,34,19,18,2,13,12,10,13,16,0,414,2,0,0.0,130,45.45,0,24,1,0,0,0,0,0.0,0,0,,1,4,0,Marcos Felipe,Eyüpspor,358524,7040
1,3,0,16,57.14,25,65.79,2,66.67,9,1,86.85,41,62.12,1036,6,7,1,13,0,0,0,8,1,0,0,0,0,66,2,535,4,1,50.0,37,46.25,11,67,4,0,4,2,0,25.0,0,0,0.76,0,0,1,Stefan Savić,Trabzonspor,76265,3051
4,2,0,69,47.92,25,56.82,28,58.33,14,7,77.98,94,50.0,1180,27,26,20,15,0,0,0,10,0,0,0,0,0,134,5,262,29,14,33.33,11,55.0,2,5,11,0,40,18,7,10.0,4,3,5.58,0,0,0,Barış Alper Yılmaz,Galatasaray,904096,3061
0,2,0,43,66.15,38,60.32,7,87.5,24,1,90.02,81,63.28,1503,12,8,5,17,0,0,0,12,0,0,0,0,0,132,3,974,9,5,26.32,56,53.33,16,61,9,1,12,1,2,0.0,1,2,0.85,0,2,0,Abdülkerim Bardakcı,Galatasaray,178963,3061
1,2,1,59,59.0,17,54.84,5,62.5,29,2,88.92,76,58.02,1268,25,29,5,15,0,0,0,7,0,0,0,0,0,162,3,602,17,16,28.57,34,60.71,14,16,6,1,16,7,2,6.25,1,1,1.05,1,0,1,Roland Sallai,Galatasaray,355088,3061
2,4,0,78,51.32,5,27.78,33,46.48,12,5,80.73,83,48.82,948,33,11,17,13,0,0,0,14,2,0,0,0,0,89,8,264,18,3,20.0,12,80.0,7,7,8,3,36,14,7,5.56,0,1,2.95,0,0,0,Drissa Camara,Gaziantep FK,958167,5138
8,1,0,35,43.21,74,59.2,5,27.78,3,1,66.34,109,52.91,1511,31,14,13,17,0,0,0,23,5,0,0,0,0,77,2,205,14,2,66.67,5,55.56,2,14,7,5,44,16,9,18.18,0,12,5.69,0,0,0,Umut Nayir,Konyaspor,284767,3085
0,1,0,35,74.47,20,43.48,3,75.0,27,2,87.55,55,59.14,1395,5,5,2,16,0,0,0,17,2,0,0,0,0,91,1,816,10,0,0.0,91,60.67,20,80,5,2,6,3,0,0.0,0,0,0.92,1,0,0,Arseniy Batagov,Trabzonspor,981395,3051
7,2,0,26,44.83,3,60.0,9,42.86,10,1,87.5,29,46.03,773,7,5,9,14,0,0,0,13,3,0,0,0,0,87,3,245,16,9,31.03,5,45.45,6,4,6,2,36,15,9,19.44,0,2,4.06,0,0,0,Ernest Muçi,Trabzonspor,924670,3051
3,1,0,22,44.0,16,64.0,5,62.5,11,0,89.57,38,50.67,734,6,8,9,11,0,0,0,2,0,0,0,0,0,115,3,335,12,7,30.43,13,59.09,2,19,8,0,6,3,1,50.0,0,1,0.69,0,0,0,Eren Elmalı,Galatasaray,981483,3061
2,1,0,45,47.37,11,37.93,11,50.0,20,2,85.74,56,45.16,1058,14,16,11,17,0,0,0,9,0,0,0,0,0,189,5,487,38,33,41.77,26,68.42,10,15,12,1,18,5,5,11.11,0,1,1.03,0,0,1,Gabriel Sara,Galatasaray,913593,3061
12,0,0,42,41.58,22,32.35,22,56.41,13,3,75.95,64,37.87,1497,8,12,21,17,0,0,0,14,3,0,0,0,0,130,3,281,19,1,16.67,11,84.62,1,6,11,6,56,27,11,21.43,1,6,7.34,0,0,1,Eldor Shomurodov,Başakşehir FK,791355,3086
0,1,0,7,77.78,4,80.0,0,0.0,2,0,73.54,11,78.57,1530,5,0,0,17,52,34,16,15,0,11,7,5,7,5,0,264,0,0,0.0,65,42.21,0,13,2,0,0,0,0,0.0,0,0,,0,1,0,Ertuğrul Taşkıran,Alanyaspor,105974,6362
3,0,0,3,30.0,11,84.62,0,0.0,2,0,26.67,14,60.87,95,2,5,2,6,0,0,0,0,1,0,0,0,0,3,0,4,0,0,0.0,1,50.0,1,2,0,0,5,3,0,60.0,0,1,1.21,0,0,0,Bertuğ Yıldırım,Başakşehir FK,1382235,3086
0,2,0,2,66.67,6,85.71,0,0.0,2,0,78.37,8,80.0,1530,0,0,0,17,69,46,22,31,1,6,24,14,26,7,0,424,1,0,0.0,68,38.42,1,38,1,0,0,0,0,0.0,0,0,,0,1,0,Ivo Grbić,Fatih Karagümrük,283847,4954
0,1,0,4,80.0,7,100.0,1,100.0,0,0,76.05,11,91.67,1260,7,0,0,14,36,19,17,9,0,7,9,9,9,28,0,400,1,0,0.0,106,46.49,0,21,1,0,0,0,0,0.0,0,0,,0,1,0,Uğurcan Çakır,Galatasaray,754330,3061
1,4,0,48,58.54,2,28.57,2,50.0,31,3,90.56,50,56.18,1279,15,15,2,16,0,0,0,9,0,0,0,0,0,186,2,787,15,1,20.0,67,70.53,12,17,17,1,16,6,1,6.25,1,1,0.62,0,1,0,Lucas Torreira,Galatasaray,754794,3061
2,1,0,7,35.0,6,42.86,1,33.33,4,0,72.55,13,38.24,277,2,5,3,4,0,0,0,2,0,0,0,0,0,14,2,74,7,3,21.43,8,61.54,0,3,3,1,9,4,1,22.22,0,1,1.35,0,0,0,Güray Vural,Antalyaspor,43559,3056
0,3,2,46,55.42,6,40.0,8,72.73,18,2,85.63,52,53.06,1159,20,13,14,14,0,0,0,11,1,0,0,0,0,231,8,548,42,23,37.1,30,60.0,5,12,7,1,33,10,15,0.0,1,0,1.63,0,0,1,Orkun Kökçü,Beşiktaş JK,907461,3050
0,1,0,3,75.0,2,100.0,2,100.0,0,1,73.4,5,83.33,1170,1,0,0,13,43,27,16,16,3,8,4,0,5,16,1,309,2,0,0.0,81,43.09,0,5,1,0,0,0,0,0.0,0,0,,0,0,0,André Onana,Trabzonspor,787498,3051
0,2,0,3,75.0,0,0.0,1,100.0,0,0,67.03,3,60.0,1170,2,1,0,13,48,37,10,19,4,8,4,3,5,10,0,307,0,0,0.0,108,41.7,0,6,0,0,0,0,0,0.0,0,0,,3,0,0,Bilal Bayazit,Kayserispor,825850,3072
0,1,0,15,62.5,28,73.68,1,50.0,8,1,85.36,43,69.35,865,6,3,0,10,0,0,0,12,2,0,0,0,0,33,1,414,2,0,0.0,41,56.16,7,61,5,0,8,2,0,0.0,0,0,0.39,0,1,0,Gabriel Paulista,Beşiktaş JK,124737,3050
0,2,0,1,100.0,4,100.0,0,0.0,0,0,76.43,5,100.0,990,1,0,0,11,24,14,9,6,3,3,3,2,3,7,0,201,1,0,0.0,50,45.45,0,5,0,0,0,0,0,0.0,0,0,,0,1,0,Ederson,Fenerbahçe,254491,3052
3,4,0,50,53.19,6,40.0,10,62.5,13,6,87.9,56,51.38,1307,27,14,15,16,0,0,0,22,4,0,0,0,0,195,6,661,50,23,29.11,86,75.44,6,5,11,2,25,5,7,12.0,0,2,3.77,1,1,0,Alexandru Maxim,Gaziantep FK,180511,5138
0,1,0,52,57.78,3,60.0,8,50.0,31,2,85.33,55,57.89,924,13,14,5,16,0,0,0,4,3,0,0,0,0,159,4,506,20,1,10.0,24,57.14,13,6,12,2,21,8,7,0.0,2,0,1.58,0,0,0,Fred,Fenerbahçe,243623,3052
2,4,0,55,55.0,5,62.5,21,65.63,18,3,90.05,60,55.56,763,16,14,12,9,0,0,0,11,1,0,0,0,0,86,3,371,19,7,50.0,21,80.77,4,3,9,0,11,4,2,18.18,1,0,0.51,0,0,0,Christ Inao Oulaï,Trabzonspor,1888002,3051
2,2,0,36,63.16,0,0.0,5,71.43,18,0,75.23,36,59.02,554,13,11,2,7,0,0,0,7,0,0,0,0,0,72,2,164,13,7,15.56,18,54.55,4,3,6,1,18,6,3,11.11,0,1,1.93,0,0,1,Haris Hajradinović,Kasımpaşa,254979,6063
1,5,0,83,63.36,14,58.33,18,78.26,44,0,87.18,97,62.58,1048,21,23,10,15,0,0,0,9,3,0,0,0,0,145,2,585,12,1,16.67,29,69.05,13,11,11,1,17,3,6,5.88,0,1,0.98,0,1,0,İsmail Yüksek,Fenerbahçe,952600,3052
1,4,1,41,58.57,29,65.91,5,55.56,21,0,91.26,70,61.4,1119,15,13,2,15,0,0,0,10,0,0,0,0,0,87,1,752,7,2,100.0,41,53.95,8,64,11,1,9,2,2,11.11,0,0,0.78,0,1,0,Davinson Sánchez,Galatasaray,566102,3061
4,1,0,19,55.88,6,85.71,8,61.54,3,2,83.51,25,60.98,532,10,2,6,12,0,0,0,6,0,0,0,0,0,71,5,157,16,10,27.03,4,26.67,3,4,2,3,22,11,8,18.18,0,2,3.58,1,0,0,Cengiz Ünder,Beşiktaş JK,758876,3050
1,2,0,26,45.61,23,57.5,4,66.67,14,1,87.82,49,50.52,1002,8,23,4,12,0,0,0,6,2,0,0,0,0,55,1,555,5,2,25.0,41,53.25,18,56,5,1,8,3,2,12.5,0,0,0.71,0,1,0,Hrvoje Smolčić,Kocaelispor,974582,3065
11,4,0,29,27.88,70,63.64,7,38.89,1,1,72.0,99,46.26,1301,24,32,35,15,0,0,0,7,3,0,0,0,0,56,1,216,14,0,0.0,19,70.37,0,32,3,10,45,25,6,24.44,2,11,8.85,0,0,0,Paul Onuachu,Trabzonspor,295123,3051
4,1,1,34,47.22,9,37.5,7,63.64,14,1,83.64,43,44.79,1263,14,17,8,15,0,0,0,20,4,0,0,0,0,151,4,460,23,14,20.59,43,53.75,13,21,9,0,28,17,2,14.29,0,0,1.21,0,0,0,László Bénes,Kayserispor,354558,3072
1,4,0,46,50.55,30,62.5,11,68.75,20,1,80.49,76,54.68,1350,15,23,10,15,0,0,0,14,0,0,0,0,0,112,2,652,10,3,27.27,53,46.09,19,85,8,1,9,1,2,11.11,0,0,0.6,0,3,0,Ümit Akdağ,Alanyaspor,1215071,6362
0,1,0,24,66.67,14,58.33,4,66.67,10,1,77.34,38,63.33,538,10,3,3,11,0,0,0,0,0,0,0,0,0,17,0,99,2,0,0.0,11,39.29,15,42,4,1,5,1,2,0.0,1,0,0.84,0,1,0,Allan,Göztepe,987088,3054
0,0,0,1,25.0,3,50.0,0,0.0,0,0,92.59,4,40.0,90,1,2,0,1,0,0,0,0,0,0,0,0,0,5,0,50,0,0,0.0,2,50.0,1,10,1,0,0,0,0,0.0,0,0,,0,1,0,Yusuf Akçiçek,Fenerbahçe,1479523,3052
0,0,0,5,83.33,2,100.0,1,50.0,3,0,80.43,7,87.5,90,1,0,0,1,0,0,0,0,0,0,0,0,0,1,0,37,0,0,0.0,0,0.0,8,4,0,0,0,0,0,0.0,0,0,,0,0,0,Nazım Sangaré,Gaziantep FK,169425,5138
0,2,0,0,0.0,2,100.0,0,0.0,0,0,87.17,2,100.0,630,0,0,0,7,13,9,4,4,0,3,9,5,9,4,0,197,0,0,0.0,36,58.06,0,11,0,0,0,0,0,0.0,0,0,,0,1,0,Günay Güvenç,Galatasaray,103457,3061
9,0,0,30,47.62,16,53.33,11,64.71,2,2,84.47,46,49.46,973,17,9,7,17,0,0,0,4,1,0,0,0,0,112,1,261,14,1,11.11,18,75.0,3,9,11,6,62,24,18,14.52,1,2,8.65,0,0,0,Anderson Talisca,Fenerbahçe,329245,3052
3,2,0,21,60.0,10,58.82,5,71.43,4,2,77.19,31,59.62,482,13,11,2,8,0,0,0,1,2,0,0,0,0,35,1,88,5,2,50.0,3,50.0,0,1,0,2,15,5,7,20.0,0,7,1.77,0,0,0,Jhon Durán,Fenerbahçe,974577,3052
0,1,0,0,0.0,1,50.0,0,0.0,0,0,49.47,1,50.0,630,1,0,0,7,24,15,9,7,1,4,2,4,2,13,0,94,0,0,0.0,47,33.1,0,8,0,0,0,0,0,0.0,0,0,,0,1,0,Erhan Erentürk,Gençlerbirliği,997705,7802
1,0,0,19,79.17,15,60.0,2,100.0,13,0,76.83,34,69.39,529,4,3,2,7,0,0,0,5,2,0,0,0,0,20,1,189,2,0,0.0,24,45.28,12,34,0,0,2,1,0,50.0,0,0,0.25,0,0,0,Adem Arous,Kasımpaşa,2018238,6063
0,2,0,23,56.1,7,46.67,1,33.33,13,0,87.68,30,53.57,836,9,7,3,13,0,0,0,9,3,0,0,0,0,110,0,534,4,1,25.0,70,70.71,10,13,6,0,7,1,3,0.0,0,0,0.46,0,0,0,Berat Ayberk Özdemir,Başakşehir FK,876857,3086
0,2,0,13,48.15,16,55.17,1,33.33,8,0,82.05,29,51.79,576,4,9,0,7,0,0,0,11,0,0,0,0,0,16,0,224,1,0,0.0,18,46.15,6,33,5,0,1,0,0,0.0,0,1,0.09,0,1,0,Enzo Roco,Fatih Karagümrük,105971,4954
1,3,0,49,59.04,5,41.67,16,76.19,20,1,93.91,54,56.84,992,14,15,9,13,0,0,0,12,0,0,0,0,0,116,3,463,18,1,14.29,13,72.22,0,9,6,1,15,2,4,6.67,0,0,0.71,0,0,0,Maestro,Alanyaspor,1002146,6362
1,4,0,24,48.98,21,51.22,4,66.67,14,2,89.88,45,50.0,888,6,20,0,10,0,0,0,13,3,0,0,0,0,52,1,462,4,1,14.29,31,59.62,13,47,3,0,7,1,0,14.29,0,0,0.53,0,0,0,Adil Demirbağ,Konyaspor,787949,3085
2,3,0,49,50.52,13,59.09,7,30.43,24,1,84.59,62,52.1,899,19,22,7,15,0,0,0,3,2,0,0,0,0,101,1,302,12,11,21.15,12,50.0,6,8,4,1,13,3,0,15.38,0,0,1.24,0,0,1,Archie Brown,Fenerbahçe,1009738,3052
2,6,0,46,58.23,35,45.45,4,80.0,31,1,89.17,81,51.92,1345,11,29,2,15,0,0,0,19,2,0,0,0,0,53,0,601,6,0,0.0,48,58.54,36,117,3,0,7,3,1,28.57,1,0,0.79,0,1,0,Samet Akaydın,Çaykur Rizespor,863600,3064
0,3,0,75,62.5,9,40.91,22,50.0,19,3,87.02,84,59.15,1290,34,9,5,15,0,0,0,10,3,0,0,0,0,105,5,523,19,6,30.0,21,65.63,10,35,9,0,20,4,9,0.0,0,3,0.54,0,0,0,Mustafa Eskihellaç,Trabzonspor,899069,3051
0,4,0,73,51.77,7,38.89,8,44.44,42,0,79.26,80,50.31,1416,23,25,17,16,0,0,0,21,1,0,0,0,0,169,2,623,32,29,31.87,46,41.07,20,15,17,2,19,5,5,0.0,0,1,1.14,0,0,0,Kerem Demirbay,Eyüpspor,142619,7040
0,2,0,30,55.56,27,60.0,4,66.67,16,0,91.96,57,57.58,990,12,10,6,11,0,0,0,11,1,0,0,0,0,62,1,606,3,1,33.33,27,50.94,7,61,6,0,4,0,1,0.0,0,0,0.25,0,0,1,Léo Duarte,Başakşehir FK,839982,3086
2,4,0,62,45.26,19,44.19,15,44.12,28,1,65.95,81,45.0,1390,19,28,13,16,0,0,0,7,2,0,0,0,0,60,1,153,12,7,25.0,6,26.09,32,45,18,1,12,2,3,16.67,0,0,1.52,0,0,0,Arda Kurtulan,Göztepe,1063395,3054
6,2,0,28,41.18,44,49.44,4,44.44,3,0,64.38,72,45.86,1090,22,15,18,13,0,0,0,17,4,0,0,0,0,38,0,94,8,0,0.0,6,100.0,0,16,3,7,32,12,7,18.75,1,2,5.13,0,0,0,German Onugkha,Kayserispor,928418,3072
1,5,0,55,61.11,6,31.58,18,62.07,23,1,87.89,61,55.96,912,14,13,5,12,0,0,0,5,2,0,0,0,0,109,2,392,10,8,38.1,17,45.95,13,14,7,0,3,2,0,33.33,0,0,0.09,0,0,0,Nélson Semedo,Fenerbahçe,252821,3052
0,1,0,32,56.14,1,16.67,15,57.69,7,1,84.47,33,52.38,635,10,5,5,9,0,0,0,6,1,0,0,0,0,81,2,174,18,20,36.36,13,76.47,1,2,6,0,18,7,6,0.0,0,1,0.87,0,0,0,Yusuf Sarı,Başakşehir FK,896364,3086
0,0,0,5,83.33,0,0.0,0,0.0,3,0,85.71,5,83.33,42,2,0,0,1,0,0,0,1,0,0,0,0,0,2,0,12,0,0,0.0,2,66.67,1,1,0,0,0,0,0,0.0,0,0,,0,0,0,Oghenekaro Etebo,Gençlerbirliği,839110,7802
0,0,0,0,0.0,0,0.0,0,0.0,0,0,69.23,0,0.0,23,0,0,0,1,1,0,1,0,0,2,0,0,0,0,0,9,0,0,0.0,5,55.56,0,0,0,0,0,0,0,0.0,0,0,,0,0,0,Sokratis Dioudis,Gaziantep FK,173933,5138
0,1,0,8,57.14,1,33.33,3,42.86,3,0,72.22,9,52.94,114,2,2,0,2,0,0,0,0,0,0,0,0,0,6,1,13,2,1,100.0,0,0.0,2,3,0,0,0,0,0,0.0,0,0,,0,0,0,Ruan,Göztepe,868049,3054
0,0,0,6,50.0,0,0.0,2,50.0,4,0,86.27,6,46.15,105,0,0,3,2,0,0,0,2,0,0,0,0,0,23,0,44,3,1,33.33,4,80.0,0,1,1,0,2,1,1,0.0,0,2,0.23,0,0,0,João Mário,Beşiktaş JK,97001,3050
0,5,0,54,60.0,26,65.0,3,100.0,25,0,89.54,80,61.54,1414,27,26,1,16,0,0,0,12,0,0,0,0,0,43,2,736,4,2,22.22,32,42.11,22,68,9,0,3,1,1,0.0,0,0,0.09,0,0,0,Fidan Aliti,Alanyaspor,385296,6362
0,0,0,2,66.67,7,87.5,0,0.0,2,0,86.27,9,81.82,99,0,0,0,2,0,0,0,1,0,0,0,0,0,3,0,44,0,0,0.0,1,25.0,1,7,1,0,1,0,0,0.0,0,0,0.06,0,0,0,Yiğit Efe Demir,Fenerbahçe,1133200,3052
0,5,0,30,58.82,24,55.81,0,0.0,17,0,86.32,54,57.45,1016,13,12,3,12,0,0,0,8,2,0,0,0,0,38,1,448,5,0,0.0,40,50.0,13,61,4,1,2,0,0,0.0,0,1,0.21,1,0,0,Botond Balogh,Kocaelispor,983510,3065
4,1,0,31,41.89,3,75.0,15,44.12,9,1,80.93,34,43.59,817,7,9,11,11,0,0,0,10,2,0,0,0,0,71,2,191,8,2,22.22,1,14.29,3,3,5,2,19,9,5,21.05,1,3,3.08,0,0,0,Jesurun Rak-Sakyi,Çaykur Rizespor,1101362,3064
0,2,0,2,100.0,6,100.0,0,0.0,0,0,68.42,8,100.0,810,6,0,0,9,33,14,17,9,2,13,2,2,3,5,0,156,0,0,0.0,44,38.94,0,6,0,0,0,0,0,0.0,0,0,,1,0,0,Ersin Destanoğlu,Beşiktaş JK,913656,3050
0,0,0,43,78.18,9,33.33,4,100.0,23,0,88.74,52,63.41,1530,16,6,0,17,0,0,0,22,2,0,0,0,0,86,0,749,4,0,0.0,76,62.3,15,67,6,0,3,1,0,0.0,0,2,0.44,0,0,0,Robin Yalçın,Eyüpspor,138154,7040
8,0,0,38,37.25,12,41.38,11,39.29,13,0,81.05,50,38.17,1041,16,20,17,16,0,0,0,11,1,0,0,0,0,48,1,124,5,2,22.22,2,66.67,5,6,12,7,32,18,7,25.0,3,3,4.15,0,0,0,Felipe Augusto,Trabzonspor,1106681,3051
6,0,1,37,38.14,43,40.95,14,45.16,13,2,59.72,80,39.6,1324,10,23,19,16,0,0,0,5,2,0,0,0,0,86,8,126,27,2,18.18,6,66.67,4,5,6,4,28,15,5,21.43,0,11,4.7,0,0,0,Juan Santos da Silva,Göztepe,1009928,3054
0,2,1,61,58.1,11,40.74,7,35.0,37,3,86.58,72,54.55,1274,17,12,9,15,0,0,0,10,2,0,0,0,0,89,2,484,16,13,52.0,18,36.73,11,31,10,0,7,2,3,0.0,0,1,0.26,0,2,0,Wagner Pina,Trabzonspor,1513625,3051
2,0,0,24,53.33,2,18.18,7,50.0,9,3,78.33,26,46.43,798,8,2,11,11,0,0,0,13,2,0,0,0,0,74,5,206,14,5,16.67,13,61.9,6,4,1,1,16,4,7,12.5,0,4,1.21,0,0,0,Alassane Ndao,Konyaspor,1016033,3085
0,2,0,22,50.0,7,100.0,6,60.0,12,1,85.65,29,56.86,321,4,12,1,10,0,0,0,5,1,0,0,0,0,56,1,191,3,0,0.0,17,68.0,1,4,5,0,4,1,1,0.0,0,0,0.15,0,0,0,Demir Ege Tıknaz,Beşiktaş JK,1142613,3050
0,1,0,4,100.0,1,50.0,1,100.0,0,0,70.7,5,83.33,990,3,0,0,11,39,17,22,13,3,5,1,3,1,8,0,251,0,0,0.0,72,43.11,0,7,0,0,0,0,0,0.0,0,0,,3,1,0,Yahia Fofana,Çaykur Rizespor,877977,3064
2,2,0,34,82.93,45,65.22,2,100.0,23,0,84.75,79,71.82,1530,10,6,0,17,0,0,0,22,2,0,0,0,0,36,0,528,2,0,0.0,45,45.92,23,140,1,0,9,2,0,22.22,1,0,1.36,0,3,0,Dimitris Goutas,Gençlerbirliği,257497,7802
0,2,0,2,66.67,3,75.0,1,100.0,1,0,68.66,5,71.43,540,1,0,0,6,24,14,10,12,2,6,2,1,2,3,0,149,0,0,0.0,46,41.07,0,2,1,0,0,0,0,0.0,0,0,,2,0,0,Julián Cuesta,Antalyaspor,217110,3056
0,1,0,24,50.0,13,81.25,9,69.23,8,0,85.68,37,57.81,850,8,8,8,11,0,0,0,8,0,0,0,0,0,118,0,407,10,1,33.33,27,55.1,6,4,4,0,20,5,3,0.0,1,0,0.78,0,0,0,Olivier Ntcham,Samsunspor,352676,3053
0,4,0,45,55.56,48,75.0,3,42.86,16,1,88.88,93,64.14,1350,27,29,4,16,0,0,0,14,3,0,0,0,0,86,0,751,3,1,20.0,30,41.67,18,65,2,1,10,2,5,0.0,1,0,0.78,0,0,0,Jerome Opoku,Başakşehir FK,920514,3086
3,0,0,10,40.0,0,0.0,10,55.56,0,0,76.35,10,35.71,404,0,0,4,12,0,0,0,3,1,0,0,0,0,49,2,113,8,6,25.0,5,62.5,3,1,3,1,11,6,2,27.27,0,0,0.79,0,0,0,Ivan Brnić,Başakşehir FK,916182,3086
2,2,0,19,43.18,6,66.67,2,33.33,10,0,79.45,25,47.17,468,7,7,7,9,0,0,0,2,0,0,0,0,0,37,2,116,5,4,12.12,7,77.78,5,0,7,3,15,7,3,13.33,0,1,2.03,0,0,0,Abbosbek Fayzullaev,Başakşehir FK,1118429,3086
0,2,0,26,63.41,6,85.71,2,50.0,20,0,92.64,32,66.67,779,4,8,1,13,0,0,0,5,0,0,0,0,0,64,0,466,3,3,60.0,27,60.0,10,18,4,1,11,2,0,0.0,0,0,1.41,0,0,0,Mario Lemina,Galatasaray,307284,3061
1,4,0,43,55.13,11,40.74,9,42.86,6,4,79.3,54,51.43,1072,28,12,6,13,0,0,0,13,2,0,0,0,0,118,4,295,17,14,35.0,17,51.52,11,20,8,0,10,1,3,10.0,0,1,0.78,0,0,0,Mortadha Ben Ouanes,Kasımpaşa,919225,6063
3,4,0,58,45.31,16,53.33,15,65.22,30,0,77.97,74,46.84,1308,13,33,23,16,0,0,0,5,1,0,0,0,0,89,2,354,7,2,33.33,18,40.91,22,19,6,0,16,6,5,18.75,0,0,0.85,0,0,0,Anthony Junior Dennis,Göztepe,1484438,3054
1,2,0,51,57.3,10,50.0,12,52.17,19,0,80.5,61,55.96,713,20,12,15,11,0,0,0,10,1,0,0,0,0,61,1,194,4,0,0.0,7,41.18,7,15,1,0,11,2,2,9.09,0,1,0.57,0,0,0,Ibrahim Olawoyin,Çaykur Rizespor,1008173,3064
2,0,0,57,46.72,4,20.0,23,46.94,8,2,77.84,61,42.96,802,26,23,17,14,0,0,0,13,0,0,0,0,0,59,4,151,12,1,16.67,1,25.0,1,3,1,1,25,9,9,8.0,0,3,1.66,0,0,0,Christophe Lungoyi,Gaziantep FK,883355,5138
0,1,0,30,56.6,13,76.47,3,33.33,12,0,83.18,43,61.43,842,18,14,1,10,0,0,0,7,0,0,0,0,0,78,0,267,6,11,23.4,13,48.15,10,23,2,0,3,1,0,0.0,1,1,0.09,0,0,0,Massadio Haïdara,Kocaelispor,143344,3065
1,1,0,20,64.52,16,69.57,0,0.0,12,1,75.74,36,66.67,680,8,7,1,8,0,0,0,10,0,0,0,0,0,22,0,231,1,0,0.0,19,29.23,11,48,2,0,3,1,0,33.33,0,0,0.2,0,0,0,Veysel Sarı,Antalyaspor,98276,3056
0,1,0,67,63.21,2,22.22,16,45.71,21,0,78.65,69,60.0,902,30,4,10,12,0,0,0,9,0,0,0,0,0,53,1,221,4,2,11.11,15,48.39,8,17,8,0,14,10,1,0.0,2,1,0.51,0,1,0,Ruan,Alanyaspor,1400494,6362
2,3,0,51,56.04,6,46.15,11,45.83,13,1,79.38,57,54.81,880,27,13,8,13,0,0,0,8,0,0,0,0,0,105,4,231,25,26,34.67,12,57.14,4,6,8,3,22,7,4,9.09,0,2,1.48,0,0,0,Ianis Hagi,Alanyaspor,756344,6362
2,1,0,33,54.1,3,30.0,7,41.18,15,2,80.62,36,50.7,712,11,8,6,11,0,0,0,7,2,0,0,0,0,102,2,208,16,4,25.0,3,75.0,15,3,4,2,13,7,1,15.38,0,1,1.39,0,0,0,Dorgeles Nene,Fenerbahçe,1102788,3052
1,2,0,47,54.65,3,30.0,20,66.67,10,2,86.51,50,52.08,659,17,10,12,11,0,0,0,6,1,0,0,0,0,114,2,250,22,4,25.0,4,66.67,4,3,7,2,12,2,1,8.33,0,1,1.18,0,2,0,Amine Harit,Başakşehir FK,827522,3086
3,0,0,24,40.68,1,12.5,12,48.0,9,6,81.84,25,37.31,993,3,7,10,13,0,0,0,13,2,0,0,0,0,140,7,302,27,14,36.84,10,58.82,7,5,5,3,32,11,10,9.38,1,0,3.42,0,0,0,Václav Černý,Beşiktaş JK,280631,3050
9,0,0,6,30.0,9,36.0,4,66.67,0,0,76.64,15,33.33,734,2,4,5,16,0,0,0,7,0,0,0,0,0,38,1,105,7,1,16.67,4,30.77,0,11,3,6,36,16,4,25.0,2,2,7.12,0,0,0,Mauro Icardi,Galatasaray,233114,3061
3,2,0,91,53.53,12,52.17,23,40.35,14,1,81.68,103,53.37,1482,54,28,17,17,0,0,0,25,2,0,0,0,0,132,1,370,17,4,20.0,28,66.67,1,3,3,2,26,10,9,11.54,0,0,2.69,0,0,0,Kacper Kozłowski,Gaziantep FK,984602,5138
0,1,0,21,75.0,41,67.21,1,100.0,8,0,85.92,62,69.66,842,13,9,1,10,0,0,0,12,0,0,0,0,0,14,0,354,1,0,0.0,19,41.3,11,60,1,0,7,0,2,0.0,0,0,0.5,0,1,0,Luccas Claro,Eyüpspor,998209,7040
3,1,1,47,53.41,2,20.0,7,53.85,21,0,85.38,49,50.0,1017,19,17,13,12,0,0,0,12,0,0,0,0,0,67,1,216,11,0,0.0,0,0.0,5,5,6,3,17,10,1,17.65,0,3,2.15,0,0,0,Franco Tongya,Gençlerbirliği,965015,7802
0,2,1,47,58.75,4,57.14,12,54.55,13,4,81.92,51,58.62,892,23,11,9,12,0,0,0,12,2,0,0,0,0,124,6,290,19,7,25.93,26,68.42,3,3,5,1,12,3,3,0.0,0,2,0.81,0,0,0,João Mendes,Kayserispor,857376,3072
1,7,0,43,57.33,22,64.71,5,71.43,31,0,80.03,65,59.63,1046,9,18,1,13,0,0,0,13,2,0,0,0,0,73,1,521,4,3,21.43,37,38.54,19,68,11,0,6,2,2,16.67,0,1,0.41,1,0,0,Emirhan Topçu,Beşiktaş JK,895009,3050
1,1,0,19,67.86,9,60.0,5,62.5,8,2,79.15,28,65.12,862,7,3,1,14,0,0,0,8,0,0,0,0,0,109,4,315,11,18,26.87,23,42.59,2,14,3,0,8,3,4,12.5,1,0,1.05,0,0,0,Florent Hadergjonaj,Alanyaspor,354860,6362
0,3,0,26,50.98,35,60.34,0,0.0,17,0,87.76,61,55.96,1507,9,14,0,17,0,0,0,15,0,0,0,0,0,87,1,832,2,0,0.0,45,44.12,15,64,12,2,11,1,0,0.0,1,0,0.6,0,0,0,Nuno Lima,Alanyaspor,1133301,6362
0,2,0,66,53.23,9,60.0,18,56.25,32,3,87.83,75,53.96,1258,16,19,19,15,0,0,0,11,3,0,0,0,0,115,3,527,13,1,100.0,11,40.74,21,9,7,1,11,1,2,0.0,1,0,0.79,0,0,0,Tim Jabol-Folcarelli,Trabzonspor,1106446,3051
0,1,0,46,63.01,7,53.85,5,41.67,24,1,81.29,53,61.63,930,19,10,3,11,0,0,0,8,0,0,0,0,0,85,2,278,9,6,27.27,13,46.43,7,31,8,0,6,2,3,0.0,0,0,0.29,0,0,0,Calegari,Eyüpspor,988906,7040
0,0,0,4,66.67,0,0.0,0,0.0,3,0,100.0,4,66.67,18,1,0,0,1,0,0,0,0,0,0,0,0,0,4,0,6,0,0,0.0,0,0.0,0,0,2,0,0,0,0,0.0,0,0,,0,0,0,Yiğit Emre Çeltik,Kayserispor,1035954,3072
0,1,0,2,66.67,1,100.0,0,0.0,0,0,69.29,3,75.0,720,3,0,0,8,33,21,11,15,0,5,3,0,3,7,0,167,0,0,0.0,29,30.21,0,6,1,0,0,0,0,0.0,0,0,,1,0,0,Zafer Görgen,Gaziantep FK,930907,5138
0,0,0,7,53.85,2,50.0,0,0.0,2,0,84.21,9,52.94,132,5,0,4,2,0,0,0,0,0,0,0,0,0,12,0,32,0,0,0.0,1,50.0,0,0,1,0,3,2,0,0.0,0,0,0.23,0,0,0,Landry Dimata,Samsunspor,826944,3053
0,1,0,5,50.0,1,100.0,0,0.0,5,0,95.79,6,54.55,100,0,3,0,5,0,0,0,1,0,0,0,0,0,32,0,91,2,0,0.0,5,71.43,0,1,2,0,3,2,1,0.0,0,0,0.07,0,0,0,Bartuğ Elmaz,Fenerbahçe,997165,3052
0,0,0,2,33.33,1,100.0,0,0.0,1,0,91.67,3,42.86,34,1,0,0,1,0,0,0,1,0,0,0,0,0,0,0,11,0,0,0.0,1,100.0,2,1,2,0,1,0,1,0.0,0,0,0.03,0,0,0,Ali Osman Kalın,Gaziantep FK,2161813,5138
0,1,0,39,56.52,15,62.5,7,58.33,20,0,85.18,54,58.06,1080,12,7,8,12,0,0,0,8,2,0,0,0,0,119,1,431,7,9,20.45,27,64.29,7,27,10,0,6,1,3,0.0,0,0,0.16,0,1,0,Christopher Operi,Başakşehir FK,858977,3086
0,3,0,65,52.85,25,56.82,2,33.33,42,0,75.95,90,53.89,1427,21,27,11,16,0,0,0,19,2,0,0,0,0,105,0,360,8,1,33.33,28,38.36,17,46,18,0,16,1,3,0.0,0,0,0.46,0,1,0,Andri Baldursson,Kasımpaşa,932856,6063
4,3,0,50,42.74,4,30.77,28,49.12,10,1,72.08,54,41.54,1175,12,13,20,15,0,0,0,13,0,0,0,0,0,85,9,204,15,7,18.92,3,21.43,1,2,8,7,40,10,11,10.0,1,1,4.63,0,0,1,Anthony Musaba,Samsunspor,979473,3053
1,1,0,37,50.68,6,50.0,3,30.0,20,2,84.21,43,50.59,815,14,14,7,12,0,0,0,6,1,0,0,0,0,65,1,304,7,0,0.0,17,65.38,5,8,9,0,7,2,0,14.29,0,0,0.14,0,2,0,Habib Keita,Kocaelispor,1082953,3065
0,3,0,26,59.09,59,62.11,1,50.0,19,1,74.85,85,61.15,1530,6,14,2,17,0,0,0,7,2,0,0,0,0,24,1,250,4,0,0.0,34,47.22,15,112,2,1,18,2,5,0.0,1,3,0.87,0,1,0,Héliton,Göztepe,922725,3054
5,1,0,32,40.0,39,41.94,2,12.5,9,0,58.45,71,41.04,839,22,10,21,11,0,0,0,11,2,0,0,0,0,47,1,121,8,1,33.33,6,54.55,1,13,6,4,17,9,2,29.41,1,6,4.52,0,0,0,Bruno Petković,Kocaelispor,309306,3065
0,1,0,41,71.93,17,68.0,2,100.0,29,0,87.56,58,70.73,1100,14,7,2,16,0,0,0,19,3,0,0,0,0,42,0,380,4,4,80.0,21,53.85,15,44,7,0,2,0,1,0.0,0,1,0.07,0,0,0,Jesper Ceesay,Antalyaspor,1021269,3056
3,1,0,34,39.08,11,47.83,9,33.33,8,2,75.94,45,40.91,766,17,8,17,15,0,0,0,14,1,0,0,0,0,66,5,161,13,12,23.53,8,50.0,5,12,10,0,23,7,11,13.04,0,8,1.83,0,0,1,Metehan Mimaroğlu,Gençlerbirliği,900809,7802
0,3,0,42,49.41,12,46.15,6,46.15,24,1,88.73,54,48.65,705,12,18,9,9,0,0,0,6,2,0,0,0,0,70,0,441,8,0,0.0,18,54.55,14,9,12,0,9,4,1,0.0,0,1,0.46,1,3,0,Edson Álvarez,Fenerbahçe,847151,3052
4,2,1,41,44.09,47,58.02,14,51.85,12,4,69.5,88,50.57,970,15,21,15,12,0,0,0,15,1,0,0,0,0,85,1,180,18,2,40.0,4,40.0,4,7,7,8,25,14,5,16.0,1,9,5.06,0,0,0,El Bilal Touré,Beşiktaş JK,982615,3050
7,1,0,10,38.46,20,42.55,2,33.33,4,0,76.35,30,41.1,948,4,9,2,15,0,0,0,7,3,0,0,0,0,37,2,113,5,1,33.33,5,83.33,1,6,1,7,36,15,5,19.44,3,4,8.42,0,0,0,Youssef En-Nesyri,Fenerbahçe,846470,3052
0,1,0,22,70.97,2,33.33,4,80.0,10,1,82.26,24,64.86,352,8,4,0,8,0,0,0,4,0,0,0,0,0,23,1,102,3,2,40.0,5,50.0,10,17,5,1,3,1,0,0.0,0,4,0.35,0,0,0,Enes Keskin,Alanyaspor,897168,6362
0,1,0,40,63.49,3,50.0,8,80.0,14,1,84.33,43,62.32,1011,18,9,8,12,0,0,0,14,1,0,0,0,0,40,1,296,5,0,0.0,23,69.7,11,19,5,0,10,2,5,0.0,1,0,0.31,0,1,0,Tom Dele-Bashiru,Gençlerbirliği,904845,7802
0,4,1,45,59.21,19,55.88,10,71.43,22,0,89.22,64,58.18,1281,13,20,2,15,0,0,0,9,3,0,0,0,0,113,0,786,5,3,33.33,21,32.31,14,43,5,2,10,2,1,0.0,1,0,1.27,0,0,0,Jayden Oosterwolde,Fenerbahçe,1048324,3052
5,1,0,58,48.74,15,40.54,9,69.23,32,1,81.1,73,46.79,1374,17,20,13,17,0,0,0,14,1,0,0,0,0,120,1,429,17,0,0.0,14,46.67,13,6,28,4,29,13,4,17.24,0,0,3.69,0,1,0,Carlo Holse,Samsunspor,837012,3053
0,0,0,31,60.78,13,46.43,4,57.14,19,1,79.48,44,55.7,1017,9,6,4,14,0,0,0,14,2,0,0,0,0,87,3,368,13,8,23.53,29,53.7,17,39,7,0,2,1,1,0.0,0,1,0.05,1,1,0,Luis Pérez,Gaziantep FK,843180,5138
0,1,0,16,61.54,1,20.0,2,28.57,7,0,82.35,17,54.84,288,7,4,1,8,0,0,0,3,0,0,0,0,0,57,1,112,9,10,45.45,9,64.29,2,0,1,1,9,2,5,0.0,1,5,0.7,0,0,0,İrfan Can Kahveci,Fenerbahçe,226986,3052
1,0,1,49,56.98,12,34.29,5,45.45,31,1,85.87,61,50.41,1040,14,25,10,15,0,0,0,3,1,0,0,0,0,120,0,316,16,9,42.86,15,50.0,13,10,2,1,15,5,4,6.67,0,1,1.22,0,0,0,Rhaldney,Göztepe,992024,3054
0,3,0,68,64.76,13,61.9,9,56.25,41,2,77.88,81,64.29,1344,20,13,4,17,0,0,0,24,2,0,0,0,0,100,2,405,13,11,45.83,37,47.44,17,57,15,0,0,0,0,0.0,0,3,,0,0,0,Bünyamin Balcı,Antalyaspor,967214,3056
0,2,0,4,100.0,1,100.0,0,0.0,2,0,67.59,5,100.0,1530,2,0,0,17,42,18,23,19,1,6,4,4,4,8,0,294,1,0,0.0,79,36.07,0,9,0,0,0,0,0,0.0,0,0,,1,0,0,Okan Kocuk,Samsunspor,190179,3053
6,0,0,22,40.74,10,41.67,14,66.67,6,0,72.31,32,41.03,953,2,3,20,12,0,0,0,15,3,0,0,0,0,31,1,94,10,2,40.0,1,25.0,1,6,2,7,26,11,6,23.08,0,5,6.29,0,0,0,Mohamed Bayo,Gaziantep FK,909318,5138
6,4,0,22,36.07,33,61.11,2,16.67,6,0,73.57,55,47.83,857,14,19,11,12,0,0,0,7,0,0,0,0,0,51,2,103,12,3,42.86,1,20.0,2,11,0,9,42,21,4,14.29,2,13,6.23,1,0,0,Victor Osimhen,Galatasaray,822471,3061
2,1,0,26,53.06,5,38.46,8,72.73,13,0,82.64,31,50.0,513,5,8,4,12,0,0,0,9,1,0,0,0,0,44,1,119,4,0,0.0,9,75.0,1,5,8,3,10,3,1,20.0,0,7,2.23,0,0,0,Halil Akbunar,Eyüpspor,217782,7040
0,1,0,12,80.0,7,63.64,1,100.0,7,0,92.59,19,73.08,234,4,3,0,10,0,0,0,2,0,0,0,0,0,22,1,150,1,1,33.33,13,61.9,1,4,0,0,4,0,0,0.0,0,0,0.28,0,0,0,Kaan Ayhan,Galatasaray,138152,3061
1,2,0,42,48.84,6,33.33,12,38.71,13,3,77.47,48,46.15,962,17,9,9,13,0,0,0,7,3,0,0,0,0,126,4,251,29,15,24.59,8,53.33,5,1,7,1,17,8,4,5.88,1,5,1.43,0,1,0,Kerem Aktürkoğlu,Fenerbahçe,903324,3052
1,1,0,34,54.84,9,50.0,3,60.0,18,0,91.09,43,53.75,831,13,13,7,13,0,0,0,8,0,0,0,0,0,80,0,368,2,3,33.33,15,75.0,8,10,9,0,6,2,1,16.67,0,0,0.49,0,0,0,Umut Güneş,Başakşehir FK,876782,3086
7,3,0,18,29.51,23,48.94,3,25.0,4,1,74.61,41,37.96,1169,12,24,11,17,0,0,0,14,2,0,0,0,0,58,1,144,12,0,0.0,4,36.36,5,13,6,10,30,15,5,23.33,1,8,8.02,0,0,0,Tammy Abraham,Beşiktaş JK,610766,3050
1,3,0,47,51.09,8,38.1,6,33.33,24,2,76.04,55,48.67,913,17,13,7,12,0,0,0,12,1,0,0,0,0,107,4,219,15,4,13.79,10,58.82,2,6,14,2,18,6,7,5.56,0,0,1.67,0,0,0,Emre Kılınç,Samsunspor,202032,3053
2,6,1,74,49.33,9,52.94,5,33.33,50,1,85.83,83,49.7,1406,19,22,10,16,0,0,0,24,3,0,0,0,0,130,2,648,19,7,24.14,45,56.96,23,31,37,0,21,5,6,9.52,1,0,0.56,0,2,0,Kévin Rodrigues,Gaziantep FK,234232,5138
1,3,1,28,62.22,35,54.69,3,75.0,13,0,74.15,63,57.8,1391,12,15,2,16,0,0,0,6,1,0,0,0,0,60,0,307,1,1,11.11,20,32.79,17,67,2,0,9,2,2,11.11,0,0,0.45,0,0,0,Malcom Bokele,Göztepe,1122632,3054
1,1,0,11,42.31,0,0.0,2,28.57,4,1,80.0,11,42.31,151,5,3,4,7,0,0,0,2,1,0,0,0,0,38,0,72,7,1,11.11,2,33.33,0,1,3,0,4,3,0,25.0,0,0,0.16,0,0,0,Muhammet Tunahan Taşçı,Konyaspor,980612,3085
0,1,0,24,80.0,8,30.77,0,0.0,20,0,90.38,32,57.14,762,4,1,0,14,0,0,0,10,2,0,0,0,0,32,0,385,1,0,0.0,27,50.94,11,36,5,0,2,0,2,0.0,0,1,0.09,0,0,0,Semih Güler,Gaziantep FK,325155,5138
1,2,0,64,55.65,6,50.0,30,65.22,22,3,84.13,70,55.12,1509,12,14,11,17,0,0,0,24,5,0,0,0,0,148,7,509,23,15,22.73,20,47.62,14,27,10,1,22,7,8,4.55,2,0,0.89,1,0,0,Yhoan Andzouana,Konyaspor,605548,3085
2,3,1,36,33.96,16,57.14,6,31.58,20,3,84.28,52,38.81,1284,10,23,19,16,0,0,0,16,0,0,0,0,0,161,7,520,31,14,29.79,39,63.93,6,10,19,1,23,6,7,8.7,1,6,1.78,0,1,0,Qazim Laci,Çaykur Rizespor,284395,3064
0,2,0,0,0.0,0,0.0,0,0.0,0,1,63.84,0,0.0,720,0,0,0,8,21,14,6,10,3,2,3,0,3,13,1,143,1,0,0.0,53,39.55,0,4,1,0,0,0,0,0.0,0,0,,1,0,0,Deniz Ertaş,Konyaspor,1195772,3085
0,0,0,27,60.0,7,53.85,5,71.43,13,2,79.52,34,58.62,567,9,8,4,12,0,0,0,9,0,0,0,0,0,32,2,167,5,5,20.0,3,37.5,12,15,4,0,4,1,0,0.0,0,2,0.17,0,0,0,Çağtay Kurukalıp,Fatih Karagümrük,962620,4954
1,0,0,10,43.48,19,55.88,0,0.0,8,0,67.28,29,50.88,832,3,13,2,17,0,0,0,5,2,0,0,0,0,27,1,146,2,3,33.33,21,38.18,15,49,0,1,10,3,2,10.0,0,0,0.46,0,0,0,Taha Altıkardeş,Göztepe,1101279,3054
0,2,0,2,66.67,1,100.0,1,100.0,1,0,65.71,3,75.0,1530,0,0,0,17,48,35,12,22,2,4,7,7,9,21,0,343,0,0,0.0,98,35.38,1,14,1,0,0,0,0,0.0,0,0,,1,1,0,Andreas Gianniotis,Kasımpaşa,236746,6063
5,0,0,35,30.97,16,39.02,19,38.78,5,0,69.68,51,33.12,893,11,16,30,12,0,0,0,18,0,0,0,0,0,47,1,131,8,0,0.0,6,75.0,2,6,4,7,21,7,8,23.81,1,7,3.94,0,0,0,David Datro Fofana,Fatih Karagümrük,1090458,4954
0,0,0,6,60.0,7,43.75,1,100.0,5,0,91.56,13,50.0,313,0,4,0,7,0,0,0,2,0,0,0,0,0,13,0,217,1,0,0.0,8,50.0,4,17,0,0,0,0,0,0.0,0,0,,0,0,0,Yasir Subaşı,Konyaspor,796555,3085
1,1,0,21,44.68,5,45.45,4,44.44,8,1,83.7,26,44.83,564,9,4,13,10,0,0,0,6,0,0,0,0,0,52,2,154,8,1,12.5,5,45.45,5,5,4,0,8,3,2,12.5,0,1,0.91,0,1,0,Svit Sešlar,Eyüpspor,946291,7040
1,1,0,29,43.94,4,33.33,5,26.32,11,2,77.54,33,42.31,626,13,9,6,14,0,0,0,6,1,0,0,0,0,52,6,107,14,7,36.84,6,42.86,1,8,8,1,15,3,7,6.67,0,4,1.15,0,1,0,Milot Rashica,Beşiktaş JK,800411,3050
0,1,0,56,49.12,1,7.69,26,48.15,17,5,79.87,57,44.88,1192,13,9,15,16,0,0,0,17,1,0,0,0,0,83,7,238,28,21,35.59,10,45.45,10,8,8,3,13,2,4,0.0,1,0,1.67,0,1,0,Göktan Gürpüz,Gençlerbirliği,997007,7802
0,3,0,34,43.59,12,54.55,13,50.0,21,2,80.52,46,46.0,1307,0,16,8,17,0,0,0,17,0,0,0,0,0,130,5,401,20,8,15.38,31,54.39,11,44,8,1,13,3,2,0.0,2,2,0.67,0,0,0,Logi Tomasson,Samsunspor,858266,3053
0,3,0,43,57.33,5,33.33,12,70.59,12,5,85.42,48,53.33,858,19,16,7,13,0,0,0,8,2,0,0,0,0,91,4,246,16,4,36.36,12,70.59,7,8,5,2,9,2,3,0.0,1,2,1.26,0,0,0,Miguel Crespo,Başakşehir FK,972410,3086
0,0,0,21,45.65,5,45.45,8,53.33,6,1,76.59,26,45.61,657,7,4,8,10,0,0,0,7,1,0,0,0,0,69,2,157,21,17,35.42,3,33.33,2,4,6,0,5,1,3,0.0,0,0,0.16,0,0,0,Fousseni Diabaté,Kasımpaşa,796374,6063
2,0,0,36,48.0,23,54.76,10,50.0,4,1,82.84,59,50.43,789,22,15,13,11,0,0,0,15,3,0,0,0,0,50,1,140,11,0,0.0,3,75.0,0,2,2,2,13,4,4,15.38,0,10,1.85,0,0,0,Yohan Boli,Antalyaspor,797732,3056
0,1,0,54,65.85,15,55.56,13,72.22,25,0,85.71,69,63.3,1213,16,11,8,15,0,0,0,14,2,0,0,0,0,59,0,480,3,0,0.0,36,54.55,7,37,5,0,2,0,2,0.0,0,0,0.05,0,0,0,Anfernee Dijksteel,Kocaelispor,869199,3065
0,0,0,24,41.38,13,65.0,13,52.0,5,2,83.06,37,47.44,512,7,9,4,8,0,0,0,4,0,0,0,0,0,61,2,152,6,6,37.5,1,16.67,2,6,10,0,16,1,7,0.0,0,0,0.69,0,0,0,Loide Augusto,Çaykur Rizespor,1110708,3064
0,4,0,56,59.57,8,44.44,15,60.0,22,0,83.52,64,57.14,1273,20,11,7,16,0,0,0,19,3,0,0,0,0,140,2,522,19,12,16.0,20,41.67,12,40,10,1,4,1,0,0.0,2,0,0.36,0,1,0,Taha Şahin,Çaykur Rizespor,1394729,3064
0,5,0,45,56.25,6,46.15,14,58.33,4,3,80.85,51,54.84,770,27,11,10,11,0,0,0,18,0,0,0,0,0,67,2,228,17,10,20.83,25,65.79,0,9,4,0,7,2,2,0.0,1,2,0.23,0,0,0,Ramzi Safuri,Antalyaspor,186949,3056
0,2,0,41,53.25,3,50.0,9,69.23,19,1,84.65,44,53.01,518,13,15,10,11,0,0,0,5,0,0,0,0,0,43,2,204,11,3,33.33,9,42.86,8,9,7,0,6,0,4,0.0,0,0,0.11,0,0,0,Celil Yüksel,Samsunspor,806972,3053
0,0,0,8,27.59,3,50.0,0,0.0,8,0,85.27,11,31.43,409,0,10,3,12,0,0,0,2,0,0,0,0,0,53,3,220,6,5,35.71,28,70.0,9,6,4,0,4,0,2,0.0,0,0,0.16,0,0,0,Nicolas Janvier,Alanyaspor,802150,6362
1,1,0,40,55.56,7,31.82,16,53.33,10,0,78.24,47,50.0,696,14,12,8,14,0,0,0,3,2,0,0,0,0,73,1,169,7,8,22.86,13,72.22,9,0,1,5,33,12,8,3.03,0,1,3.39,0,0,0,Junior Olaitan,Göztepe,1124357,3054
5,2,0,64,46.72,20,42.55,15,55.56,21,0,79.81,84,45.65,1276,28,16,33,15,0,0,0,11,2,0,0,0,0,112,0,332,16,3,25.0,10,35.71,14,16,15,5,28,14,5,17.86,0,14,3.25,0,0,0,Tayfur Bingöl,Kocaelispor,255957,3065
0,3,0,34,50.75,36,69.23,1,100.0,24,0,89.02,70,58.82,1530,9,14,4,17,0,0,0,22,2,0,0,0,0,55,0,624,3,0,0.0,44,53.66,10,128,15,2,4,1,0,0.0,0,0,0.38,0,0,0,Nicholas Opoku,Kasımpaşa,885683,6063
3,1,0,10,30.3,1,10.0,3,42.86,1,0,64.62,11,25.58,301,6,11,6,11,0,0,0,2,0,0,0,0,0,20,0,42,2,1,16.67,3,50.0,3,1,2,0,9,4,0,33.33,0,1,1.14,0,0,0,Güven Yalçın,Alanyaspor,826162,6362
1,3,0,60,55.05,24,68.57,7,50.0,39,0,84.76,84,58.33,1400,14,23,2,17,0,0,0,17,3,0,0,0,0,89,0,484,9,0,0.0,25,51.02,20,55,18,1,20,2,6,5.0,1,0,2.25,1,1,0,Giannis Papanikolaou,Çaykur Rizespor,856988,3064
0,0,0,76,56.3,6,54.55,17,58.62,35,1,85.12,82,56.16,1318,25,18,7,17,0,0,0,23,5,0,0,0,0,110,1,452,16,5,35.71,30,50.0,9,14,23,0,18,3,7,0.0,1,1,0.66,0,2,0,Melih İbrahimoğlu,Konyaspor,998462,3085
0,2,0,17,45.95,5,55.56,2,40.0,9,1,82.13,22,47.83,471,6,7,2,12,0,0,0,5,0,0,0,0,0,46,1,170,5,8,20.51,12,54.55,4,6,8,0,7,2,2,0.0,1,1,0.29,0,0,0,Deniz Türüç,Başakşehir FK,252207,3086
0,0,0,5,41.67,4,50.0,0,0.0,1,0,91.53,9,45.0,102,4,2,1,2,0,0,0,0,0,0,0,0,0,12,0,54,2,0,0.0,4,80.0,2,3,1,0,0,0,0,0.0,0,0,,0,0,0,Sofyan Amrabat,Fenerbahçe,359272,3052
0,0,0,0,0.0,0,0.0,0,0.0,0,0,62.5,0,0.0,11,0,1,0,3,0,0,0,0,0,0,0,0,0,3,0,5,0,1,50.0,0,0.0,1,1,0,0,0,0,0,0.0,0,0,,0,0,0,Ogün Bayrak,Göztepe,903999,3054
0,6,0,30,66.67,18,51.43,2,100.0,21,0,86.89,48,60.0,914,8,11,1,12,0,0,0,12,4,0,0,0,0,56,0,477,3,1,50.0,41,59.42,14,48,4,0,7,2,0,0.0,0,0,0.31,0,2,0,Uğurcan Yazğılı,Konyaspor,904303,3085
0,0,0,23,71.88,3,75.0,7,87.5,13,0,81.37,26,72.22,637,3,1,3,10,0,0,0,9,1,0,0,0,0,47,4,214,8,8,21.05,7,25.93,6,14,4,1,1,0,0,0.0,0,4,0.2,0,1,0,David Jurásek,Beşiktaş JK,1030711,3050
0,1,0,9,56.25,0,0.0,0,0.0,5,0,80.49,9,52.94,132,4,2,1,5,0,0,0,3,0,0,0,0,0,10,0,33,2,0,0.0,2,50.0,0,1,2,0,2,1,0,0.0,0,0,0.04,0,0,0,Enver Kulašin,Gaziantep FK,1124590,5138
0,0,0,5,62.5,8,61.54,0,0.0,5,0,86.09,13,61.9,194,0,2,0,3,0,0,0,3,0,0,0,0,0,8,0,99,0,0,0.0,4,57.14,1,10,1,0,1,0,0,0.0,0,0,0.03,0,1,0,Bruno Viana,Alanyaspor,804703,6362
2,2,0,30,56.6,6,42.86,5,55.56,11,0,83.15,36,53.73,467,14,9,6,13,0,0,0,7,1,0,0,0,0,55,2,148,13,5,35.71,8,57.14,2,4,5,2,14,5,3,14.29,0,3,1.46,0,0,0,Emre Akbaba,Eyüpspor,343527,7040
0,3,0,34,40.96,11,61.11,1,20.0,20,2,83.33,45,44.55,899,14,29,11,13,0,0,0,6,1,0,0,0,0,102,3,300,18,10,23.81,15,71.43,14,7,5,4,15,9,1,0.0,0,0,1.23,1,1,0,Karol Linetty,Kocaelispor,189135,3065
1,1,0,53,49.07,26,65.0,6,66.67,38,0,83.96,79,53.38,1196,9,25,9,14,0,0,0,16,2,0,0,0,0,82,0,539,7,0,0.0,21,40.38,20,45,18,1,16,4,5,6.25,0,0,1.3,1,0,0,Wilfred Ndidi,Beşiktaş JK,787885,3050
0,0,0,19,59.38,1,12.5,4,66.67,10,1,87.06,20,50.0,481,5,4,5,14,0,0,0,3,1,0,0,0,0,89,3,175,16,7,22.58,4,50.0,1,6,3,0,9,4,3,0.0,0,2,0.53,0,0,0,Oğuz Aydın,Fenerbahçe,999396,3052
2,3,0,12,57.14,13,52.0,1,100.0,5,0,86.05,25,54.35,982,6,5,1,12,0,0,0,17,3,0,0,0,0,35,0,407,0,0,0.0,36,43.9,5,54,3,0,5,3,1,40.0,0,0,0.19,0,0,0,Georgiy Dzhikiya,Antalyaspor,295495,3056
0,0,0,11,57.89,12,66.67,2,50.0,7,1,84.43,23,62.16,313,2,7,1,7,0,0,0,4,0,0,0,0,0,23,1,141,1,0,0.0,5,27.78,6,16,0,1,3,0,0,0.0,0,0,0.25,0,0,0,Wilfried Singo,Galatasaray,978285,3061
1,4,0,17,41.46,20,58.82,0,0.0,12,0,92.07,37,49.33,850,6,17,1,11,0,0,0,10,2,0,0,0,0,20,1,418,2,0,0.0,6,24.0,11,55,5,1,5,1,0,20.0,1,0,0.77,0,0,0,Tiago Djaló,Beşiktaş JK,892735,3050
0,1,0,18,51.43,7,63.64,3,42.86,11,3,85.61,25,54.35,586,4,8,3,10,0,0,0,6,2,0,0,0,0,72,1,244,10,3,20.0,17,51.52,13,13,3,0,4,1,3,0.0,1,1,0.15,0,0,0,Levent Mercan,Fenerbahçe,1085938,3052
0,1,0,20,58.82,9,90.0,0,0.0,13,0,82.5,29,65.91,353,8,11,0,5,0,0,0,5,0,0,0,0,0,34,0,132,1,2,50.0,5,55.56,9,9,3,0,1,0,0,0.0,0,0,0.06,0,0,0,Jonas Svensson,Beşiktaş JK,98199,3050
0,0,0,22,66.67,13,72.22,5,55.56,13,0,82.03,35,68.63,551,4,6,1,13,0,0,0,4,0,0,0,0,0,60,0,251,6,7,25.93,10,33.33,6,30,0,0,3,0,1,0.0,0,0,0.11,0,0,0,Ismail Jakobs,Galatasaray,897291,3061
0,4,0,26,41.27,18,66.67,0,0.0,22,1,77.32,44,48.89,898,5,27,5,16,0,0,0,5,1,0,0,0,0,75,1,225,3,3,60.0,24,52.17,20,30,9,0,9,2,4,0.0,0,0,0.64,0,0,0,Novatus Miroshi,Göztepe,1103597,3054
0,3,0,7,29.17,4,50.0,0,0.0,6,0,85.25,11,34.38,585,1,9,3,9,0,0,0,10,1,0,0,0,0,22,1,208,2,1,33.33,22,48.89,2,29,5,0,3,0,0,0.0,0,0,0.06,0,0,0,Youssef Aït Bennasser,Kayserispor,802850,3072
0,0,0,9,56.25,10,47.62,1,100.0,5,0,84.66,19,51.35,385,4,4,0,8,0,0,0,7,0,0,0,0,0,12,0,160,0,0,0.0,17,58.62,9,37,3,0,1,0,0,0.0,0,0,0.06,0,0,0,Hüseyin Türkmen,Antalyaspor,913994,3056
3,3,0,38,47.5,29,52.73,6,42.86,20,1,69.63,67,49.63,1222,14,20,6,15,0,0,0,18,2,0,0,0,0,102,1,243,10,6,15.0,23,37.7,10,38,9,2,18,7,7,16.67,0,3,1.87,0,1,0,Cláudio Winck,Kasımpaşa,155998,6063
2,1,0,32,45.07,29,53.7,1,50.0,24,0,84.06,61,48.8,1327,7,15,3,17,0,0,0,22,2,0,0,0,0,37,1,485,6,0,0.0,45,51.72,21,68,20,1,13,5,4,15.38,0,0,0.9,0,3,0,Žan Žužek,Gençlerbirliği,355582,7802
0,3,0,2,66.67,4,100.0,0,0.0,0,0,63.48,6,85.71,1530,3,0,0,17,31,15,15,15,2,14,6,9,6,20,0,325,0,0,0.0,128,40.76,0,21,1,0,0,0,0,0.0,0,0,,1,1,0,Aleksandar Jovanović,Kocaelispor,800971,3065
2,1,0,30,43.48,1,20.0,10,45.45,13,1,74.06,31,41.89,991,7,12,9,13,0,0,0,16,0,0,0,0,0,45,1,157,6,6,20.69,13,56.52,6,3,9,1,20,10,1,10.0,1,0,1.14,0,0,0,Nikola Storm,Antalyaspor,149796,3056
3,2,1,45,43.69,6,50.0,13,46.43,15,0,84.63,51,44.35,1235,17,16,16,16,0,0,0,21,5,0,0,0,0,155,1,402,30,16,26.67,27,67.5,8,6,11,3,31,11,7,9.68,1,1,3.02,0,2,0,Enis Bardhi,Konyaspor,355024,3085
2,4,0,31,47.69,14,56.0,4,50.0,18,0,83.19,45,50.0,858,10,12,4,12,0,0,0,14,2,0,0,0,0,36,1,287,2,0,0.0,26,56.52,11,29,14,0,7,3,2,28.57,0,1,1.02,0,0,0,Soner Dikmen,Antalyaspor,847782,3056
0,3,0,14,56.0,5,71.43,3,60.0,6,1,64.44,19,59.38,167,5,7,1,6,0,0,0,4,0,0,0,0,0,6,0,29,3,3,37.5,1,50.0,5,4,1,0,0,0,0,0.0,0,0,,0,0,0,Atakan Mujde,Kasımpaşa,1134704,6063
0,0,0,4,100.0,0,0.0,0,0.0,2,0,85.71,4,57.14,111,2,0,0,3,0,0,0,1,0,0,0,0,0,2,0,54,0,0,0.0,4,36.36,3,2,0,0,0,0,0,0.0,0,0,,0,0,0,Hamza Güreler,Başakşehir FK,1562294,3086
0,3,0,14,50.0,20,64.52,2,66.67,8,0,92.88,34,57.63,474,5,9,1,6,0,0,0,7,0,0,0,0,0,33,1,287,3,0,0.0,6,37.5,10,32,3,1,2,2,0,0.0,0,0,0.12,0,0,0,Felix Uduokhai,Beşiktaş JK,792142,3050
2,0,0,32,46.38,5,41.67,8,33.33,6,0,78.57,37,45.68,709,18,5,12,16,0,0,0,7,0,0,0,0,0,44,1,121,13,11,25.58,7,53.85,4,3,4,0,23,7,8,8.7,0,1,1.94,0,0,0,Ibrahim Kaya,Alanyaspor,996405,6362
1,4,0,48,52.17,3,50.0,7,58.33,35,1,87.93,51,52.04,970,6,16,9,14,0,0,0,17,2,0,0,0,0,55,0,386,3,0,0.0,23,62.16,21,22,14,0,3,2,0,33.33,0,1,0.14,1,5,0,Melih Kabasakal,Gaziantep FK,828872,5138
1,0,0,19,50.0,1,20.0,2,16.67,8,0,82.89,20,46.51,446,9,5,3,14,0,0,0,1,1,0,0,0,0,72,3,155,11,3,11.11,7,50.0,3,4,2,2,9,3,4,11.11,0,2,0.83,0,0,0,Sebastian Szymański,Fenerbahçe,847983,3052
0,2,0,19,47.5,7,70.0,2,100.0,9,0,89.08,26,52.0,497,8,10,5,11,0,0,0,4,1,0,0,0,0,70,0,310,12,7,35.0,17,51.52,6,5,7,1,6,3,2,0.0,0,0,0.36,0,0,0,Jakub Kałuziński,Başakşehir FK,1019026,3086
1,2,0,22,56.41,26,56.52,1,100.0,18,1,85.22,48,56.47,1085,3,12,0,16,0,0,0,24,3,0,0,0,0,30,0,421,2,0,0.0,33,50.0,9,93,9,1,6,3,1,16.67,1,1,0.82,1,0,0,Lautaro Giannetti,Antalyaspor,233856,3056
0,0,0,3,75.0,2,50.0,1,100.0,0,1,80.0,5,62.5,76,2,1,0,5,0,0,0,1,0,0,0,0,0,2,1,8,1,0,0.0,0,0.0,0,1,0,0,1,0,1,0.0,0,1,0.16,0,0,0,Cenk Tosun,Fenerbahçe,72127,3052
0,3,0,35,42.17,8,44.44,5,41.67,15,0,86.9,43,42.57,1124,15,30,6,17,0,0,0,14,1,0,0,0,0,125,1,577,12,0,0.0,36,55.38,8,16,6,0,6,0,3,0.0,0,0,0.42,0,0,0,Antoine Makoumbou,Samsunspor,920391,3053
1,1,0,27,62.79,1,20.0,5,45.45,19,0,82.35,28,58.33,431,3,3,3,9,0,0,0,3,2,0,0,0,0,55,0,168,5,1,8.33,9,69.23,5,7,4,0,5,2,1,20.0,0,0,0.39,0,0,0,Mert Müldür,Fenerbahçe,836683,3052
1,2,1,31,67.39,40,60.61,1,100.0,19,0,92.42,71,63.39,1076,11,13,3,13,0,0,0,23,2,0,0,0,0,15,0,451,2,0,0.0,16,61.54,10,73,1,1,6,1,1,16.67,0,1,1.16,0,1,0,Myenty Abena,Gaziantep FK,555422,5138
4,1,1,35,53.03,13,34.21,3,37.5,8,1,80.95,48,46.15,666,24,19,7,10,0,0,0,8,1,0,0,0,0,26,1,85,8,0,0.0,8,100.0,0,3,1,4,16,6,4,25.0,0,9,3.81,0,0,0,Cherif Ndiaye,Samsunspor,868268,3053
2,1,0,13,38.24,7,36.84,3,33.33,4,0,72.15,20,37.74,265,7,6,6,8,0,0,0,4,0,0,0,0,0,27,1,57,7,3,60.0,2,66.67,3,4,3,1,13,6,2,15.38,1,1,1.4,0,0,0,Jota Silva,Beşiktaş JK,1011895,3050
1,0,0,45,61.64,3,33.33,9,45.0,19,0,80.44,48,58.54,676,17,7,8,15,0,0,0,9,1,0,0,0,0,94,1,218,10,8,21.05,19,57.58,4,8,4,1,15,5,5,6.67,0,0,1.39,0,1,0,Pedrinho,Konyaspor,1015939,3085
0,2,0,41,54.67,14,58.33,5,55.56,29,1,78.72,55,55.56,1279,8,10,4,16,0,0,0,14,1,0,0,0,0,112,2,418,22,24,23.53,32,41.03,16,33,17,0,7,2,1,0.0,1,1,0.19,1,0,0,Zeki Yavru,Samsunspor,140735,3053
0,0,0,3,33.33,0,0.0,2,33.33,1,1,78.95,3,33.33,56,0,1,0,4,0,0,0,0,0,0,0,0,0,7,1,15,2,0,0.0,1,100.0,0,0,1,0,2,1,0,0.0,0,0,0.05,0,0,0,Nicolò Zaniolo,Galatasaray,864898,3061
0,0,0,1,100.0,0,0.0,0,0.0,1,0,88.89,1,100.0,24,0,0,0,2,0,0,0,0,0,0,0,0,0,1,0,8,0,0,0.0,0,0.0,1,3,0,0,0,0,0,0.0,0,0,,0,0,0,Metehan Baltacı,Galatasaray,997155,3061
0,0,0,4,66.67,2,66.67,1,100.0,3,0,77.78,6,66.67,33,0,0,0,3,0,0,0,2,0,0,0,0,0,3,0,14,2,0,0.0,0,0.0,2,0,2,0,0,0,0,0.0,0,0,,0,0,0,Salih Malkoçoğlu,Trabzonspor,1499364,3051
0,0,0,5,55.56,2,40.0,0,0.0,5,0,89.09,7,50.0,225,0,2,1,6,0,0,0,0,1,0,0,0,0,6,0,98,0,0,0.0,3,33.33,3,12,1,0,0,0,0,0.0,0,0,,0,0,0,Rayyan Baniya,Trabzonspor,929739,3051
0,4,0,54,52.94,12,52.17,11,61.11,17,0,87.52,66,52.8,1365,26,20,17,16,0,0,0,14,0,0,0,0,0,141,2,589,7,0,0.0,22,56.41,8,9,5,1,12,1,2,0.0,0,0,0.71,1,2,0,Gaius Makouta,Alanyaspor,847013,6362
0,1,0,12,44.44,4,66.67,3,60.0,7,1,87.71,16,48.48,291,2,9,0,9,0,0,0,3,0,0,0,0,0,52,1,207,4,1,10.0,9,47.37,3,4,4,0,3,0,1,0.0,0,0,0.11,0,1,0,Kartal Kayra Yılmaz,Beşiktaş JK,966811,3050
0,0,0,39,60.0,5,62.5,4,28.57,15,0,81.11,44,60.27,504,20,6,5,9,0,0,0,10,1,0,0,0,0,35,0,146,2,1,20.0,10,66.67,2,12,5,0,3,0,2,0.0,0,0,0.1,0,1,0,Dario Šarić,Antalyaspor,848385,3056
0,1,0,5,41.67,3,50.0,0,0.0,2,1,87.5,8,44.44,206,3,2,0,8,0,0,0,3,0,0,0,0,0,11,1,84,3,0,0.0,1,50.0,3,7,4,0,1,0,0,0.0,0,0,0.03,0,0,0,Onur Ergün,Başakşehir FK,893009,3086
1,4,0,61,54.95,7,46.67,9,81.82,32,0,78.31,68,53.97,855,21,22,5,12,0,0,0,18,4,0,0,0,0,65,0,260,8,0,0.0,20,47.62,12,19,22,0,8,3,0,12.5,0,0,0.86,0,0,0,Furkan Soyalp,Kayserispor,226992,3072
0,3,0,21,47.73,4,50.0,2,66.67,9,1,83.22,25,48.08,322,11,7,4,14,0,0,0,3,1,0,0,0,0,27,1,124,7,5,50.0,10,47.62,4,8,11,0,4,1,1,0.0,0,1,0.1,0,1,0,Samed Onur,Gençlerbirliği,980608,7802
0,2,0,40,47.62,21,67.74,5,45.45,27,0,80.4,61,53.04,1477,8,20,6,17,0,0,0,19,3,0,0,0,0,130,1,562,20,16,23.53,38,36.89,13,67,14,0,10,0,5,0.0,0,0,0.22,0,0,0,Casper Højer,Çaykur Rizespor,281233,3064
0,3,0,20,57.14,6,50.0,0,0.0,15,0,83.51,26,55.32,530,6,10,1,8,0,0,0,6,1,0,0,0,0,19,0,162,0,0,0.0,14,53.85,7,7,4,0,2,1,1,0.0,0,0,0.06,0,1,0,Taras Stepanenko,Eyüpspor,45604,7040
0,3,0,37,48.68,3,27.27,9,75.0,19,0,88.16,40,45.98,704,9,18,9,11,0,0,0,11,2,0,0,0,0,90,1,335,5,6,37.5,10,41.67,7,6,11,0,8,3,2,0.0,0,0,0.33,0,0,0,Jo Jin-ho,Konyaspor,1019710,3085
1,0,0,5,35.71,5,50.0,0,0.0,4,0,82.28,10,41.67,198,1,1,3,3,0,0,0,2,0,0,0,0,0,23,0,65,2,1,100.0,5,71.43,1,1,5,1,5,2,2,20.0,0,0,1.05,0,0,0,Danijel Aleksić,Konyaspor,45377,3085
0,4,0,24,57.14,3,50.0,3,60.0,9,1,88.1,27,56.25,431,12,9,5,12,0,0,0,6,2,0,0,0,0,33,1,185,6,1,100.0,13,56.52,1,6,2,0,5,1,2,0.0,0,0,0.11,0,0,0,Badou Ndiaye,Gaziantep FK,228342,5138
0,2,0,1,50.0,0,0.0,0,0.0,0,0,51.57,1,50.0,540,1,0,0,6,20,11,9,8,0,2,2,2,2,8,0,82,0,0,0.0,32,30.19,0,5,1,0,0,0,0,0.0,0,0,,0,0,0,Erdem Canpolat,Çaykur Rizespor,1066726,3064
0,2,0,10,50.0,4,40.0,0,0.0,4,0,83.64,14,46.67,362,6,6,1,7,0,0,0,2,0,0,0,0,0,27,0,138,2,1,50.0,8,50.0,9,7,2,0,4,2,0,0.0,0,0,0.22,0,0,0,Fatih Aksoy,Alanyaspor,827922,6362
0,6,0,41,59.42,7,43.75,3,100.0,22,0,83.04,48,56.47,1043,16,17,7,15,0,0,0,11,2,0,0,0,0,58,0,372,6,1,33.33,14,35.0,12,15,5,0,10,2,1,0.0,0,0,0.29,0,0,0,Show,Kocaelispor,933115,3065
2,2,0,20,37.04,2,25.0,12,54.55,4,2,75.14,22,35.48,698,4,13,8,16,0,0,0,4,0,0,0,0,0,43,2,136,23,20,44.44,5,45.45,4,3,3,2,18,3,0,11.11,0,1,1.46,0,0,0,Efkan Bekiroğlu,Göztepe,800458,3054
1,1,0,22,56.41,38,64.41,1,100.0,14,0,91.21,60,61.22,1417,8,12,1,16,0,0,0,24,5,0,0,0,0,43,1,602,3,1,50.0,41,53.25,9,76,5,2,11,2,1,9.09,0,0,1.05,0,0,0,Stefano Denswil,Kayserispor,97404,3072
2,1,0,70,61.4,7,36.84,14,56.0,23,0,68.9,77,57.89,1158,33,16,13,16,0,0,0,21,1,0,0,0,0,59,0,144,7,3,17.65,6,46.15,5,10,9,0,16,3,7,12.5,2,10,1.64,0,0,0,Serginho,Fatih Karagümrük,849301,4954
0,1,0,20,62.5,6,54.55,2,50.0,11,0,91.12,26,60.47,511,7,4,3,11,0,0,0,10,2,0,0,0,0,64,0,195,8,1,20.0,12,66.67,4,9,3,0,5,2,1,0.0,0,0,0.14,0,1,0,Ozan Tufan,Trabzonspor,251907,3051
1,1,1,25,52.08,21,50.0,2,66.67,7,0,89.14,46,51.11,799,17,15,5,11,0,0,0,6,1,0,0,0,0,47,1,394,6,2,50.0,18,52.94,5,36,6,0,5,2,1,20.0,0,0,0.32,0,1,0,Okay Yokuşlu,Trabzonspor,97967,3051
0,2,0,43,50.59,10,58.82,9,56.25,18,3,77.89,53,51.96,868,17,17,12,13,0,0,0,8,1,0,0,0,0,87,4,236,13,2,25.0,23,58.97,5,7,8,3,16,3,6,0.0,0,2,1.67,0,0,0,Olivier Kemen,Başakşehir FK,280447,3086
0,0,0,33,48.53,9,37.5,3,20.0,17,0,83.75,42,45.65,639,14,9,5,13,0,0,0,9,0,0,0,0,0,60,2,201,6,7,43.75,8,44.44,5,12,10,0,6,3,2,0.0,0,0,0.25,0,0,0,Mithat Pala,Çaykur Rizespor,1016393,3064
0,4,0,49,67.12,13,54.17,0,0.0,26,0,81.05,62,63.92,1213,23,6,6,14,0,0,0,23,6,0,0,0,0,91,2,449,6,1,7.69,57,55.88,18,45,8,0,0,0,0,0.0,0,1,,0,1,0,Lionel Carole,Kayserispor,122922,3072
0,1,0,26,56.52,21,56.76,2,100.0,20,1,82.32,47,56.63,1168,4,14,1,15,0,0,0,21,1,0,0,0,0,52,2,503,7,3,100.0,40,33.9,15,78,6,1,9,4,2,0.0,0,0,0.65,1,1,0,Attila Szalai,Kasımpaşa,823092,6063
0,0,0,44,36.36,22,50.0,5,20.0,30,4,64.53,66,40.0,1500,10,33,12,17,0,0,0,7,2,0,0,0,0,88,3,231,25,36,31.03,19,27.54,7,34,14,0,9,0,3,0.0,0,2,0.22,1,1,0,Amine Cherni,Göztepe,1094487,3054
0,0,0,0,0.0,0,0.0,0,0.0,0,0,87.5,0,0.0,10,0,0,0,1,0,0,0,0,0,0,0,0,0,0,0,14,0,0,0.0,0,0.0,0,0,0,0,0,0,0,0.0,0,0,,0,0,0,Rodrigo Becão,Fenerbahçe,880207,3052
0,0,0,0,0.0,0,0.0,0,0.0,0,0,93.75,0,0.0,20,0,1,0,1,0,0,0,0,0,0,0,0,0,2,0,15,0,0,0.0,1,100.0,0,0,0,0,0,0,0,0.0,0,0,,0,0,0,Serkan Emrecan Terzi,Beşiktaş JK,1142614,3050
0,0,0,2,100.0,0,0.0,0,0.0,1,0,66.67,2,66.67,9,1,0,0,2,0,0,0,0,0,0,0,0,0,0,0,2,0,0,0.0,0,0.0,0,0,0,0,0,0,0,0.0,0,0,,0,0,0,Christ Sadia,Eyüpspor,2266454,7040
0,0,0,3,50.0,1,50.0,0,0.0,1,0,91.84,4,50.0,121,2,1,1,2,0,0,0,1,0,0,0,0,0,0,0,45,0,0,0.0,4,80.0,0,7,0,0,0,0,0,0.0,0,0,,0,0,0,Bahadır Öztürk,Antalyaspor,790783,3056
0,0,0,1,33.33,0,0.0,1,100.0,0,0,100.0,1,33.33,9,0,0,1,2,0,0,0,0,0,0,0,0,0,2,0,3,0,0,0.0,0,0.0,0,0,1,0,0,0,0,0.0,0,0,,0,0,0,Ismail Esat Buga,Konyaspor,2166295,3085
0,0,0,0,0.0,1,100.0,0,0.0,0,0,65.79,1,100.0,360,1,0,0,4,13,6,7,8,2,1,1,1,1,9,0,75,0,0,0.0,31,44.29,0,4,0,0,0,0,0,0.0,0,0,,0,1,0,Onurcan Piri,Kayserispor,213542,3072
0,0,0,4,80.0,0,0.0,1,50.0,2,0,84.21,4,66.67,48,1,1,0,2,0,0,0,1,0,0,0,0,0,5,0,16,0,0,0.0,1,100.0,0,0,0,0,1,0,0,0.0,0,1,0.14,0,0,0,Arbnor Muja,Samsunspor,890695,3053
0,4,0,3,23.08,20,76.92,0,0.0,3,0,85.51,23,58.97,352,1,8,1,6,0,0,0,5,0,0,0,0,0,18,0,183,2,1,33.33,10,45.45,9,25,2,0,2,1,1,0.0,0,0,0.09,0,0,0,Husniddin Alikulov,Çaykur Rizespor,1121174,3064
0,3,0,12,52.17,9,45.0,1,100.0,7,0,87.86,21,48.84,400,4,10,1,6,0,0,0,3,1,0,0,0,0,14,0,181,0,0,0.0,9,32.14,7,27,1,0,2,0,0,0.0,0,1,0.09,0,0,0,Modibo Sagnan,Çaykur Rizespor,904759,3064
0,2,0,16,48.48,4,57.14,2,33.33,9,0,81.34,20,50.0,285,5,7,2,6,0,0,0,3,0,0,0,0,0,25,0,109,3,1,50.0,4,40.0,4,8,4,0,1,0,0,0.0,0,0,0.05,0,0,0,Salih Uçan,Beşiktaş JK,135695,3050
1,4,0,17,32.08,3,42.86,5,55.56,6,3,83.9,20,33.33,979,6,14,10,15,0,0,0,21,1,0,0,0,0,112,3,396,20,8,23.53,20,42.55,9,9,8,1,6,2,3,16.67,1,2,0.75,1,0,0,Daniel Johnson,Fatih Karagümrük,291237,4954
2,2,0,40,48.78,23,52.27,17,65.38,11,1,70.31,63,50.0,666,13,14,14,14,0,0,0,7,2,0,0,0,0,35,4,90,12,1,12.5,5,71.43,4,8,6,1,15,4,2,13.33,1,3,2.54,0,1,1,Nuno Da Costa,Başakşehir FK,209374,3086
1,1,0,34,44.16,8,47.06,13,44.83,13,2,68.0,42,44.68,537,8,12,6,13,0,0,0,7,2,0,0,0,0,46,2,85,5,2,16.67,1,16.67,2,2,9,0,14,4,5,7.14,0,1,0.76,0,0,0,Emrecan Bulut,Çaykur Rizespor,1480663,3064
0,2,1,0,0.0,4,100.0,0,0.0,0,1,60.17,4,80.0,784,2,1,0,9,28,16,12,11,4,8,6,2,7,4,1,139,1,0,0.0,26,22.03,0,15,1,0,0,0,0,0.0,0,0,,1,0,0,Mustafa Burak Bozan,Gaziantep FK,934201,5138
0,1,0,19,51.35,6,46.15,0,0.0,13,1,84.84,25,50.0,666,6,7,1,9,0,0,0,7,1,0,0,0,0,70,0,235,7,7,33.33,10,45.45,6,18,6,0,3,0,0,0.0,0,1,0.09,0,0,0,Onur Bulut,Başakşehir FK,142494,3086
1,1,0,9,47.37,12,52.17,0,0.0,5,0,87.1,21,50.0,555,5,7,0,8,0,0,0,8,0,0,0,0,0,16,0,243,0,0,0.0,8,32.0,5,37,3,0,1,1,0,100.0,0,0,0.63,0,0,0,Toni Borevković,Samsunspor,886843,3053
1,0,0,20,45.45,2,33.33,9,60.0,7,2,71.76,22,44.0,481,4,5,6,7,0,0,0,11,0,0,0,0,0,53,2,122,15,6,42.86,5,50.0,5,2,7,1,11,3,6,9.09,0,0,1.34,0,0,0,Sam Larsson,Fatih Karagümrük,229800,4954
2,3,0,28,36.36,21,37.5,7,30.43,6,1,61.82,49,36.84,916,15,13,18,16,0,0,0,6,0,0,0,0,0,42,2,102,9,0,0.0,0,0.0,4,17,5,8,24,8,5,8.33,0,2,3.48,0,0,0,Uchenna Ogundu,Alanyaspor,1996846,6362
0,4,1,40,58.82,16,53.33,3,60.0,18,0,77.78,56,57.14,1333,19,14,8,15,0,0,0,26,1,0,0,0,0,65,0,469,12,5,16.67,49,41.88,14,73,5,0,10,3,2,0.0,0,0,0.34,0,0,1,Jure Balkovec,Fatih Karagümrük,171625,4954
0,0,0,31,65.96,4,40.0,10,90.91,18,0,85.19,35,61.4,391,3,6,5,13,0,0,0,8,2,0,0,0,0,34,0,138,8,3,60.0,1,11.11,2,9,4,0,3,0,1,0.0,0,0,0.05,1,1,0,Arif Boşluk,Trabzonspor,1138095,3051
1,4,0,80,50.0,18,45.0,22,44.9,16,1,73.57,98,49.0,1071,43,20,28,14,0,0,0,19,5,0,0,0,0,98,0,231,13,3,17.65,8,47.06,11,10,6,4,35,12,9,2.86,0,5,3.01,0,0,0,Jackson Muleka,Konyaspor,927649,3085
1,3,0,32,47.76,3,20.0,14,53.85,4,0,80.63,35,42.68,584,14,8,12,17,0,0,0,10,2,0,0,0,0,51,2,129,9,4,19.05,7,87.5,8,3,3,0,18,6,7,5.56,0,5,1.06,1,0,0,Prince Ampem,Eyüpspor,923888,7040
0,0,0,10,62.5,1,25.0,1,50.0,2,0,80.3,11,55.0,188,7,0,1,9,0,0,0,2,0,0,0,0,0,25,0,53,5,6,27.27,5,83.33,0,3,4,0,8,2,3,0.0,0,2,0.35,0,0,0,Edin Višća,Trabzonspor,109779,3051
0,0,0,7,53.85,1,50.0,2,50.0,3,0,91.23,8,53.33,119,2,0,1,3,0,0,0,3,0,0,0,0,0,20,1,52,2,0,0.0,1,50.0,0,3,3,1,3,1,1,0.0,0,0,0.19,0,0,0,Afonso Sousa,Samsunspor,855672,3053
0,0,0,6,42.86,1,25.0,0,0.0,6,0,78.79,7,38.89,195,0,1,1,4,0,0,0,0,0,0,0,0,0,5,1,26,2,1,50.0,1,33.33,1,3,0,1,1,1,0,0.0,0,1,0.1,0,0,0,Taylan Bulut,Beşiktaş JK,1418644,3050
0,3,0,33,54.1,5,35.71,3,37.5,12,0,85.4,38,50.67,599,18,11,7,12,0,0,0,10,1,0,0,0,0,45,2,234,5,0,0.0,13,65.0,7,10,7,0,1,0,1,0.0,0,0,0.03,0,1,0,Ogün Özçiçek,Gaziantep FK,859783,5138
0,1,0,13,56.52,15,53.57,0,0.0,9,0,87.4,28,54.9,552,4,5,0,9,0,0,0,7,2,0,0,0,0,34,0,229,3,1,100.0,18,60.0,12,33,5,0,4,1,3,0.0,0,0,0.34,0,1,0,Marko Jevtović,Konyaspor,310068,3085
1,2,0,20,42.55,4,44.44,10,55.56,7,0,74.47,24,42.86,450,3,5,9,13,0,0,0,9,1,0,0,0,0,34,0,105,5,5,35.71,9,64.29,1,2,5,1,11,5,3,9.09,0,1,1.39,0,0,0,Altin Zeqiri,Çaykur Rizespor,991742,3064
0,3,0,28,49.12,11,47.83,5,45.45,12,1,83.15,39,48.75,611,12,11,6,15,0,0,0,9,2,0,0,0,0,78,2,232,12,0,0.0,10,83.33,4,4,6,0,4,0,0,0.0,0,0,0.16,0,0,0,Morten Bjørlo,Konyaspor,921358,3085
0,4,1,18,42.86,22,62.86,2,100.0,8,0,92.8,40,51.95,715,8,17,0,10,0,0,0,7,3,0,0,0,0,23,0,438,0,0,0.0,19,73.08,14,54,7,0,4,0,1,0.0,0,2,0.2,1,1,0,Ousseynou Ba,Başakşehir FK,889430,3086
0,0,0,3,75.0,7,63.64,0,0.0,2,2,71.43,10,66.67,73,1,0,1,7,0,0,0,2,0,0,0,0,0,3,1,10,3,0,0.0,3,100.0,0,3,0,0,4,1,0,0.0,0,2,0.31,0,0,0,Talha Sariarslan,Kayserispor,1088715,3072
0,0,0,27,58.7,6,42.86,3,33.33,11,0,83.61,33,55.0,725,14,4,6,9,0,0,0,9,0,0,0,0,0,72,0,250,2,3,11.54,15,51.72,6,17,4,1,5,0,3,0.0,1,1,0.54,1,2,0,Rıdvan Yılmaz,Beşiktaş JK,910086,3050
3,4,0,52,46.02,29,36.25,9,31.03,4,2,69.06,81,41.97,1067,40,32,13,13,0,0,0,10,1,0,0,0,0,33,2,125,5,0,0.0,8,61.54,4,10,4,2,31,10,6,9.68,0,10,4.37,0,0,0,M'Baye Niang,Gençlerbirliği,139228,7802
1,6,0,25,54.35,21,43.75,0,0.0,18,0,86.51,46,48.94,1038,7,16,0,13,0,0,0,20,1,0,0,0,0,54,0,513,4,0,0.0,24,38.71,13,63,5,1,7,2,2,14.29,0,0,0.75,0,0,0,Arda Kızıldağ,Gaziantep FK,904228,5138
2,4,0,41,41.0,18,45.0,10,45.45,16,2,81.84,59,42.14,1439,15,23,11,16,0,0,0,25,6,0,0,0,0,146,4,347,23,24,18.46,13,52.0,6,6,17,6,39,13,9,5.13,1,11,3.08,0,1,0,Miguel Cardoso,Kayserispor,344009,3072
1,0,0,5,33.33,1,20.0,3,50.0,1,0,76.6,6,30.0,147,1,1,4,6,0,0,0,2,1,0,0,0,0,8,1,36,2,0,0.0,2,50.0,0,6,3,0,3,1,0,33.33,0,0,0.1,0,0,0,Valentin Mihăilă,Çaykur Rizespor,925242,3064
0,0,0,8,57.14,3,60.0,2,28.57,4,0,85.71,11,57.89,182,2,0,0,4,0,0,0,3,0,0,0,0,0,13,1,60,1,0,0.0,8,100.0,2,0,1,0,0,0,0,0.0,0,0,,0,2,0,Hasan Yakub İlçin,Antalyaspor,2031279,3056
0,1,0,15,55.56,4,66.67,3,42.86,8,0,80.6,19,57.58,232,4,4,2,9,0,0,0,6,1,0,0,0,0,33,1,108,6,1,11.11,11,61.11,4,2,2,0,7,2,3,0.0,1,0,0.42,0,1,0,Juninho Bacuna,Gaziantep FK,788971,5138
0,1,0,42,52.5,9,42.86,2,22.22,27,0,79.44,51,50.5,871,14,16,4,15,0,0,0,11,1,0,0,0,0,50,0,197,3,2,16.67,6,50.0,5,14,12,0,4,0,1,0.0,0,0,0.11,0,0,0,Cem Üstündag,Kasımpaşa,1387006,6063
2,4,0,23,31.08,35,53.03,0,0.0,14,0,78.24,58,41.43,1182,10,27,16,14,0,0,0,17,0,0,0,0,0,71,5,205,12,2,20.0,6,50.0,5,11,3,5,26,11,6,7.69,0,14,3.29,0,0,0,Mame Thiam,Eyüpspor,180981,7040
0,0,0,19,61.29,21,48.84,2,66.67,17,1,88.7,40,54.05,1170,2,6,1,14,0,0,0,13,1,0,0,0,0,48,0,589,1,0,0.0,34,53.13,12,72,5,0,3,0,2,0.0,0,0,0.13,1,2,0,Ľubomír Šatka,Samsunspor,187231,3053
0,1,0,4,50.0,1,50.0,1,50.0,2,0,84.62,5,50.0,63,1,2,1,7,0,0,0,0,0,0,0,0,0,7,0,11,0,0,0.0,0,0.0,1,3,0,0,1,0,1,0.0,0,0,0.09,0,0,0,Ahmed Ildız,Göztepe,849329,3054
0,0,0,47,46.53,0,0.0,19,45.24,10,0,83.5,47,43.93,967,18,11,16,16,0,0,0,11,1,0,0,0,0,99,1,248,11,4,16.0,17,70.83,2,5,5,0,26,8,9,0.0,0,6,1.5,0,0,0,Kazeem Olaigbe,Trabzonspor,1004346,3051
0,2,0,7,58.33,8,50.0,0,0.0,5,0,64.94,15,53.57,351,2,5,0,9,0,0,0,3,0,0,0,0,0,8,0,50,0,0,0.0,6,40.0,3,25,1,0,1,1,0,0.0,0,0,0.04,1,0,0,Furkan Bayır,Göztepe,1003161,3054
1,0,0,25,37.31,19,51.35,11,50.0,4,0,74.69,44,42.31,809,10,9,18,14,0,0,0,6,1,0,0,0,0,40,1,121,6,6,20.0,0,0.0,2,5,6,3,16,4,4,6.25,1,4,0.62,0,0,0,Daniel Agyei,Kocaelispor,793227,3065
1,3,0,84,59.15,28,50.0,14,50.0,29,1,76.57,112,56.57,1530,44,22,8,17,0,0,0,31,1,0,0,0,0,79,5,477,5,5,31.25,20,30.3,27,49,18,2,15,3,5,6.67,0,1,1.58,1,1,0,Atakan Çankaya,Fatih Karagümrük,1066338,4954
0,3,0,37,48.05,14,46.67,5,62.5,25,1,79.71,51,47.66,1513,7,15,7,17,0,0,0,23,5,0,0,0,0,126,2,491,24,34,36.17,35,41.18,21,42,15,0,12,1,9,0.0,0,1,0.39,0,0,0,Guilherme Haubert Sityá,Konyaspor,224112,3085
0,2,0,15,46.88,10,45.45,4,100.0,7,0,89.71,25,46.3,526,4,16,2,10,0,0,0,7,2,0,0,0,0,12,0,244,3,0,0.0,7,38.89,9,33,2,0,4,0,0,0.0,0,0,0.35,0,0,0,Tayyip Talha Sanuç,Gaziantep FK,851909,5138
0,0,0,7,29.17,5,50.0,3,30.0,3,0,73.13,12,35.29,273,1,3,4,4,0,0,0,5,0,0,0,0,0,19,0,49,2,2,40.0,3,60.0,2,4,3,0,7,1,2,0.0,0,0,0.26,0,0,0,Ryan Mendes,Kocaelispor,52797,3065
0,1,0,10,62.5,7,53.85,0,0.0,5,0,73.83,17,58.62,258,5,5,1,8,0,0,0,3,1,0,0,0,0,29,0,79,2,5,38.46,5,29.41,1,10,0,0,2,0,0,0.0,0,3,0.02,0,0,0,Soner Gönül,Samsunspor,867727,3053
1,0,0,19,57.58,20,52.63,4,44.44,7,1,65.75,39,54.93,477,9,3,5,13,0,0,0,9,1,0,0,0,0,21,1,48,2,1,25.0,0,0.0,1,8,2,1,10,2,4,10.0,2,1,0.76,0,0,0,Kubilay Kanatsızkuş,Kasımpaşa,828953,6063
1,2,0,32,58.18,0,0.0,5,41.67,14,1,69.41,32,50.79,798,13,6,5,14,0,0,0,16,4,0,0,0,0,50,1,177,10,8,25.81,18,42.86,3,9,5,3,20,5,6,5.0,1,5,2.46,0,0,0,Deian Sorescu,Gaziantep FK,797602,5138
5,2,1,38,26.95,60,47.24,8,33.33,12,0,65.12,98,36.57,1234,19,55,25,15,0,0,0,17,2,0,0,0,0,78,1,140,8,0,0.0,2,40.0,4,13,13,6,30,11,3,16.67,1,4,3.3,0,0,0,Pape Habib Gueye,Kasımpaşa,880778,6063
0,3,0,55,52.88,1,20.0,23,71.88,13,2,83.23,56,51.38,884,19,15,18,16,0,0,0,12,1,0,0,0,0,55,5,263,12,7,25.93,11,44.0,6,6,7,5,9,6,0,0.0,2,1,1.93,0,1,0,Yalçın Kayan,Eyüpspor,945548,7040
0,1,0,2,50.0,1,20.0,0,0.0,2,0,80.33,3,33.33,69,0,2,0,6,0,0,0,2,0,0,0,0,0,13,0,49,0,0,0.0,7,58.33,0,1,0,0,0,0,0,0.0,0,0,,0,1,0,Taşkın Ilter,Eyüpspor,171911,7040
0,0,0,8,61.54,1,50.0,0,0.0,3,0,75.68,9,60.0,88,5,3,2,6,0,0,0,3,0,0,0,0,0,9,0,28,1,0,0.0,0,0.0,2,0,1,0,1,0,0,0.0,0,0,0.06,0,0,0,İzzet Çelik,Alanyaspor,826836,6362
1,1,0,24,38.1,2,18.18,3,18.75,14,1,76.59,26,35.14,908,7,13,3,11,0,0,0,10,0,0,0,0,0,72,1,193,10,6,26.09,10,41.67,9,12,10,3,7,4,1,14.29,1,0,1.53,0,1,0,Yusuf Özdemir,Alanyaspor,1084884,6362
0,3,1,20,51.28,2,50.0,1,14.29,4,1,88.45,22,51.16,634,15,7,5,12,0,0,0,12,0,0,0,0,0,87,1,245,8,10,35.71,23,67.65,3,3,2,0,10,3,4,0.0,0,0,0.52,0,0,1,Cafú,Kasımpaşa,110956,6063
0,0,0,6,40.0,0,0.0,2,50.0,2,0,80.65,6,31.58,168,2,5,1,8,0,0,0,1,0,0,0,0,0,23,1,50,2,3,18.75,2,66.67,0,1,1,0,6,2,3,0.0,0,1,0.38,0,0,0,Marius Ștefănescu,Konyaspor,988637,3085
0,1,0,43,48.31,5,35.71,11,47.83,13,0,83.85,48,46.6,644,19,20,12,13,0,0,0,7,0,0,0,0,0,32,3,109,3,0,0.0,4,57.14,8,4,2,0,5,1,2,0.0,0,1,0.17,0,0,0,Joseph Nonge,Kocaelispor,1149138,3065
0,4,0,39,65.0,11,37.93,5,83.33,17,1,85.55,50,56.18,1355,17,8,7,16,0,0,0,18,2,0,0,0,0,72,1,527,4,4,25.0,25,42.37,15,38,5,0,0,0,0,0.0,0,1,,0,0,0,Nihad Mujakić,Eyüpspor,858004,7040
0,1,0,43,49.43,10,45.45,14,50.0,12,1,85.45,53,48.62,1074,17,7,16,16,0,0,0,20,0,0,0,0,0,99,3,323,12,3,17.65,8,47.06,5,5,8,0,13,1,4,0.0,0,0,0.8,0,0,0,Berkay Özcan,Fatih Karagümrük,806964,4954
0,0,0,18,52.94,4,57.14,1,25.0,13,1,64.47,22,53.66,241,4,4,3,8,0,0,0,7,0,0,0,0,0,15,1,49,2,5,27.78,7,46.67,4,5,6,0,1,1,0,0.0,0,0,0.01,0,0,0,Burak Kapacak,Kayserispor,836686,3072
0,2,0,24,51.06,10,50.0,10,55.56,3,0,62.5,34,50.75,396,11,6,7,9,0,0,0,5,0,0,0,0,0,17,1,50,4,0,0.0,3,50.0,1,1,3,0,8,1,3,0.0,0,2,0.44,0,0,0,Halil Dervişoğlu,Çaykur Rizespor,930775,3064
0,1,0,23,60.53,6,50.0,5,71.43,9,1,74.85,29,58.0,510,10,9,5,10,0,0,0,5,2,0,0,0,0,35,1,128,7,0,0.0,3,23.08,0,6,2,0,5,1,1,0.0,0,0,0.18,0,0,0,Mateusz Łęgowski,Eyüpspor,1064080,7040
0,1,1,15,62.5,1,12.5,3,60.0,7,0,88.24,16,50.0,291,5,5,2,11,0,0,0,4,0,0,0,0,0,28,0,105,3,1,25.0,3,50.0,4,16,0,0,2,0,1,0.0,0,0,0.13,0,0,0,Josafat Mendes,Samsunspor,1133258,3053
0,3,0,32,39.02,14,46.67,17,62.96,9,2,76.95,46,41.07,968,7,16,11,16,0,0,0,18,5,0,0,0,0,84,4,197,21,11,25.58,13,52.0,6,14,13,1,13,3,6,0.0,0,1,0.53,0,0,1,Aaron Opoku,Kayserispor,930136,3072
3,1,0,24,42.86,6,33.33,7,36.84,1,2,77.17,30,40.54,1064,18,9,8,16,0,0,0,11,0,0,0,0,0,58,2,169,10,2,16.67,7,63.64,0,3,3,2,20,7,5,15.0,0,5,2.05,0,0,0,Ui-Jo Hwang,Alanyaspor,791314,6362
2,3,0,13,36.11,22,46.81,1,33.33,3,1,73.86,35,42.17,715,12,13,7,12,0,0,0,4,0,0,0,0,0,40,1,130,8,0,0.0,5,55.56,0,12,3,3,20,6,9,10.0,0,2,2.47,0,0,0,Serdar Dursun,Kocaelispor,123917,3065
1,3,0,25,51.02,21,53.85,3,100.0,17,0,84.76,46,52.27,977,6,15,0,14,0,0,0,15,3,0,0,0,0,35,0,484,2,2,40.0,40,47.62,5,53,11,0,2,1,0,50.0,0,0,0.85,1,0,0,Attila Mocsi,Çaykur Rizespor,889382,3064
0,0,0,0,0.0,0,0.0,0,0.0,0,0,68.0,0,0.0,90,0,0,0,1,2,1,1,1,0,0,0,0,0,0,0,17,0,0,0.0,3,27.27,0,0,0,0,0,0,0,0.0,0,0,,0,0,0,Dominik Livaković,Fenerbahçe,190419,3052
0,0,0,0,0.0,0,0.0,0,0.0,0,0,85.71,0,0.0,90,0,0,0,1,1,1,0,4,0,0,0,0,0,5,0,30,0,0,0.0,7,58.33,0,0,0,0,0,0,0,0.0,0,0,,0,0,0,Berke Özer,Eyüpspor,847494,7040
0,0,0,0,0.0,0,0.0,0,0.0,0,0,66.67,0,0.0,11,0,0,0,1,0,0,0,0,0,0,0,0,0,1,0,2,0,0,0.0,0,0.0,0,0,0,0,0,0,0,0.0,0,0,,0,0,0,Baran Mogultay,Alanyaspor,1388550,6362
0,0,0,2,100.0,2,100.0,0,0.0,1,0,90.0,4,100.0,20,1,0,0,2,0,0,0,1,1,0,0,0,0,2,0,9,0,0,0.0,2,100.0,0,2,0,0,0,0,0,0.0,0,0,,0,0,0,Rob Nizet,Gaziantep FK,964758,5138
0,0,0,4,80.0,1,100.0,2,100.0,1,0,75.0,5,83.33,82,2,0,1,3,0,0,0,1,0,0,0,0,0,7,0,27,1,0,0.0,1,25.0,0,3,0,0,0,0,0,0.0,0,0,,0,1,0,Alper Demirol,Fatih Karagümrük,1145695,4954
0,2,0,15,60.0,9,69.23,2,40.0,10,0,81.15,24,63.16,317,3,1,1,6,0,0,0,5,2,0,0,0,0,34,0,99,1,3,10.71,9,56.25,3,15,5,0,0,0,0,0.0,0,0,,0,0,0,Muharrem Cinan,Kocaelispor,957582,3065
0,1,0,42,45.16,10,45.45,10,55.56,18,0,86.67,52,45.22,729,14,16,13,14,0,0,0,9,2,0,0,0,0,70,0,273,3,0,0.0,15,68.18,4,11,16,0,10,2,6,0.0,0,0,0.41,0,0,0,Muhamed Buljubašić,Çaykur Rizespor,1134586,3064
0,2,0,14,58.33,4,44.44,1,50.0,8,0,85.96,18,54.55,588,5,4,1,10,0,0,0,6,2,0,0,0,0,55,0,202,3,1,7.14,13,52.0,3,14,4,0,4,1,2,0.0,0,1,0.26,0,0,0,Ömer Ali Şahiner,Başakşehir FK,103912,3086
0,2,0,7,43.75,1,25.0,0,0.0,3,0,80.49,8,40.0,161,4,5,3,12,0,0,0,2,1,0,0,0,0,11,0,66,0,0,0.0,4,80.0,0,2,1,0,4,1,2,0.0,0,0,0.16,0,0,0,Taylan Antalyalı,Çaykur Rizespor,190197,3064
0,2,0,14,46.67,2,40.0,3,27.27,3,0,84.62,16,45.71,285,9,4,3,8,0,0,0,6,0,0,0,0,0,9,0,44,2,2,22.22,2,40.0,4,1,2,0,5,2,2,0.0,0,0,0.15,0,0,0,Yusuf Barası,Kasımpaşa,1000187,6063
0,0,1,10,50.0,0,0.0,2,50.0,5,0,75.68,10,47.62,262,3,7,1,3,0,0,0,3,1,0,0,0,0,19,0,56,1,2,25.0,10,71.43,1,2,0,1,2,1,0,0.0,0,0,0.15,0,0,0,Michał Nalepa,Gençlerbirliği,760480,7802
0,1,0,3,60.0,2,100.0,0,0.0,2,0,82.5,5,71.43,84,1,1,1,1,0,0,0,0,0,0,0,0,0,9,0,33,2,0,0.0,1,50.0,1,0,0,0,2,0,0,0.0,0,0,0.13,0,0,0,Anthony Nwakaeme,Trabzonspor,139455,3051
0,0,0,3,60.0,4,40.0,0,0.0,3,0,88.33,7,46.67,131,0,2,0,7,0,0,0,4,0,0,0,0,0,3,0,53,0,0,0.0,3,75.0,1,10,0,0,1,0,0,0.0,0,0,0.06,0,0,0,Arda Ünyay,Galatasaray,1464636,3061
0,0,0,5,55.56,8,57.14,0,0.0,3,0,92.06,13,56.52,185,2,2,1,3,0,0,0,5,1,0,0,0,0,3,0,116,0,0,0.0,3,60.0,0,18,1,0,1,0,0,0.0,0,0,0.04,0,0,0,Serdar Saatçı,Trabzonspor,1084880,3051
0,4,0,16,41.03,8,50.0,3,50.0,8,0,79.36,24,43.64,558,5,14,1,10,0,0,0,10,0,0,0,0,0,48,0,173,5,3,20.0,10,34.48,9,13,6,0,5,0,0,0.0,0,0,0.18,1,0,0,Jhon Espinoza,Kasımpaşa,929098,6063
0,3,0,23,46.94,8,36.36,0,0.0,13,0,78.34,31,43.66,736,10,17,1,15,0,0,0,13,3,0,0,0,0,43,1,217,2,0,0.0,26,48.15,14,12,9,0,5,0,2,0.0,0,0,0.22,0,0,0,Dorukhan Toköz,Kayserispor,796133,3072
0,1,0,16,57.14,5,41.67,4,44.44,7,0,77.0,21,52.5,410,5,3,3,7,0,0,0,5,0,0,0,0,0,38,1,154,5,3,27.27,8,32.0,7,13,2,0,5,0,1,0.0,0,3,0.18,0,0,0,Umut Meraş,Eyüpspor,609746,7040
0,1,0,5,38.46,1,33.33,0,0.0,5,1,88.24,6,37.5,87,0,5,1,7,0,0,0,2,0,0,0,0,0,9,0,30,3,1,100.0,4,66.67,2,0,1,0,2,1,1,0.0,0,0,0.12,0,0,0,Berkan Kutlu,Galatasaray,992912,3061
2,4,0,40,32.0,59,36.2,16,42.11,18,3,57.51,99,34.38,1346,6,35,29,16,0,0,0,6,2,0,0,0,0,88,4,134,21,2,14.29,5,55.56,0,7,6,9,36,15,8,5.56,1,7,3.84,0,0,0,Janderson,Göztepe,1462989,3054
0,2,0,34,43.59,9,42.86,4,30.77,23,1,81.72,43,43.43,995,7,12,10,16,0,0,0,15,2,0,0,0,0,78,1,237,11,4,13.79,11,64.71,4,5,13,1,13,9,1,0.0,1,0,1.25,1,1,0,Abdülkadir Ömür,Antalyaspor,826155,3056
0,3,0,17,40.48,3,75.0,4,40.0,8,0,72.5,20,43.48,305,5,15,4,5,0,0,0,3,0,0,0,0,0,25,1,58,2,0,0.0,2,66.67,1,1,1,1,9,2,4,0.0,0,1,0.6,0,0,0,Tanguy Coulibaly,Samsunspor,954060,3053
1,3,0,20,29.41,11,61.11,2,25.0,13,0,80.32,31,36.05,757,5,20,7,9,0,0,0,12,0,0,0,0,0,42,1,302,5,1,25.0,12,36.36,6,10,17,0,5,1,0,20.0,0,0,0.85,0,1,0,Matías Kranevitter,Fatih Karagümrük,295159,4954
0,0,0,4,100.0,3,50.0,0,0.0,3,0,71.43,7,70.0,72,1,0,0,7,0,0,0,2,0,0,0,0,0,1,0,10,0,0,0.0,0,0.0,2,10,0,1,1,1,0,0.0,0,0,0.37,0,0,0,Sinan Osmanoğlu,Gençlerbirliği,69369,7802
0,0,0,3,60.0,3,100.0,1,50.0,1,0,58.33,6,75.0,52,1,2,0,5,0,0,0,1,0,0,0,0,0,2,0,7,0,0,0.0,1,50.0,0,1,0,0,1,1,0,0.0,0,0,0.15,0,0,0,Kevin Csoboth,Gençlerbirliği,879542,7802
0,2,0,16,44.44,6,60.0,1,50.0,13,0,80.41,22,47.83,299,2,12,3,11,0,0,0,7,0,0,0,0,0,14,0,78,2,0,0.0,7,58.33,3,12,4,0,1,1,0,0.0,0,0,0.01,0,0,0,Yunus Emre Çift,Samsunspor,1063325,3053
1,2,1,39,42.86,14,48.28,5,31.25,18,2,73.33,53,44.17,927,16,26,9,14,0,0,0,17,0,0,0,0,0,59,3,165,13,3,25.0,6,50.0,12,8,8,2,11,2,1,9.09,1,2,1.83,1,0,0,Sander van de Streek,Antalyaspor,220155,3056
3,2,0,39,42.39,27,36.49,13,52.0,3,3,75.47,66,39.76,1190,24,22,19,17,0,0,0,16,3,0,0,0,0,39,1,160,12,1,50.0,11,84.62,1,9,3,9,26,6,8,11.54,0,5,7.5,0,0,0,Ali Sowe,Çaykur Rizespor,238394,3064
0,0,0,0,0.0,0,0.0,0,0.0,0,0,72.73,0,0.0,42,0,0,0,4,0,0,0,1,0,0,0,0,0,4,0,8,0,0,0.0,2,66.67,0,1,0,0,0,0,0,0.0,0,0,,0,0,0,Emre Taşdemir,Kasımpaşa,190191,6063
0,2,0,44,43.56,0,0.0,13,35.14,11,0,77.88,44,40.74,446,20,14,14,9,0,0,0,12,2,0,0,0,0,40,1,88,3,2,18.18,4,50.0,4,1,5,1,10,4,5,0.0,0,3,0.46,0,0,0,Samuel Ballet,Antalyaspor,966663,3056
0,1,0,19,54.29,2,50.0,1,25.0,8,0,83.78,21,53.85,327,10,8,1,6,0,0,0,6,1,0,0,0,0,24,1,124,5,1,33.33,9,69.23,3,6,4,0,5,2,2,0.0,0,0,0.37,1,0,1,Eyüp Aydın,Samsunspor,1130115,3053
0,0,1,7,46.67,1,50.0,1,33.33,2,0,88.14,8,47.06,235,4,2,3,6,0,0,0,5,0,0,0,0,0,42,0,104,5,0,0.0,3,75.0,2,1,1,0,4,1,1,0.0,0,0,0.15,0,1,0,Benjamin Bouchouari,Trabzonspor,1046446,3051
0,0,0,18,58.06,4,33.33,2,50.0,14,0,72.99,22,51.16,388,2,6,1,9,0,0,0,4,2,0,0,0,0,31,0,100,6,3,18.75,6,28.57,5,14,4,0,5,1,1,0.0,0,1,0.14,0,1,0,Abdurrahim Dursun,Gençlerbirliği,883275,7802
0,0,0,3,37.5,5,50.0,0,0.0,0,0,86.21,8,44.44,244,3,2,0,6,0,0,0,5,0,0,0,0,0,7,0,75,0,0,0.0,8,47.06,3,12,3,0,2,0,1,0.0,0,0,0.05,0,0,0,Tarkan Serbest,Kocaelispor,164099,3065
1,2,0,10,32.26,11,45.83,1,20.0,4,0,77.12,21,38.18,479,5,7,8,12,0,0,0,8,1,0,0,0,0,27,0,91,8,0,0.0,3,75.0,0,4,2,3,11,4,0,9.09,0,7,2.27,0,0,0,Václav Jurečka,Çaykur Rizespor,225850,3064
0,2,1,57,58.76,9,47.37,12,75.0,31,0,80.52,66,56.9,639,14,19,9,13,0,0,0,6,1,0,0,0,0,39,0,215,2,2,25.0,14,43.75,10,13,8,0,1,0,1,0.0,0,0,0.04,0,1,0,Festy Ebosele,Başakşehir FK,983059,3086
0,1,0,12,63.16,1,25.0,2,100.0,1,0,89.55,13,56.52,164,9,5,1,7,0,0,0,0,0,0,0,0,0,17,0,60,0,0,0.0,3,75.0,0,1,1,0,0,0,0,0.0,0,0,,0,0,0,Efecan Karaca,Alanyaspor,60510,6362
0,2,0,12,50.0,6,42.86,0,0.0,8,0,90.5,18,47.37,594,4,9,1,7,0,0,0,10,0,0,0,0,0,31,0,324,1,0,0.0,29,52.73,4,22,1,0,2,0,0,0.0,0,0,0.1,1,1,0,Riechedly Bazoer,Konyaspor,227196,3085
2,2,0,19,31.15,41,53.95,7,63.64,3,0,60.7,60,43.8,905,10,17,17,17,0,0,0,11,0,0,0,0,0,55,2,122,9,0,0.0,6,66.67,1,8,5,5,19,8,2,10.53,0,11,3.93,0,0,0,Marius Mouandilmadji,Samsunspor,943593,3053
1,2,0,17,56.67,28,70.0,1,100.0,7,0,78.68,45,64.29,639,11,10,1,8,0,0,0,11,1,0,0,0,0,19,0,299,0,0,0.0,16,34.04,9,44,2,0,5,1,1,20.0,0,0,0.52,0,1,0,Anıl Yiğit Çınar,Fatih Karagümrük,1198959,4954
0,0,0,0,0.0,3,75.0,0,0.0,0,0,89.47,3,50.0,35,0,1,0,3,0,0,0,1,0,0,0,0,0,9,0,17,1,0,0.0,1,100.0,0,1,1,0,0,0,0,0.0,0,1,,0,0,0,Cihan Çanak,Trabzonspor,1127335,3051
0,1,0,17,40.48,5,38.46,1,16.67,5,0,82.96,22,40.0,400,11,4,11,13,0,0,0,8,1,0,0,0,0,33,1,112,2,1,12.5,3,75.0,6,2,5,0,10,4,1,0.0,0,2,0.55,0,0,0,Baris Kalayci,Fatih Karagümrük,1534046,4954
0,5,0,56,50.45,28,66.67,14,58.33,32,0,73.84,84,54.9,1261,11,25,4,15,0,0,0,20,3,0,0,0,0,111,2,381,13,8,22.22,27,33.75,20,43,19,0,7,1,3,0.0,0,0,0.2,3,0,0,Gökhan Sazdağı,Beşiktaş JK,595396,3050
0,0,0,0,0.0,0,0.0,0,0.0,0,0,100.0,0,0.0,19,0,1,0,2,0,0,0,0,0,0,0,0,0,1,0,12,0,0,0.0,0,0.0,0,0,1,0,1,0,0,0.0,0,0,0.02,0,0,0,Cihat Çelik,Kocaelispor,339253,3065
0,1,0,2,40.0,2,100.0,0,0.0,0,0,69.96,4,57.14,810,1,1,0,9,18,12,5,14,2,7,9,3,10,11,0,177,1,0,0.0,53,41.73,0,9,2,0,0,0,0,0.0,0,0,,2,1,0,Bahadır Han Güngördü,Konyaspor,807289,3085
0,1,0,0,0.0,2,100.0,0,0.0,0,0,67.43,2,100.0,720,2,0,0,8,13,5,8,11,0,3,4,1,4,5,0,118,0,0,0.0,26,31.71,0,5,0,0,0,0,0,0.0,0,0,,0,0,0,Mert Günok,Beşiktaş JK,39573,3050
0,2,1,25,42.37,4,36.36,9,47.37,8,1,70.0,29,41.43,528,8,8,13,14,0,0,0,7,1,0,0,0,0,10,0,70,3,8,27.59,6,54.55,2,4,3,1,8,3,2,0.0,1,0,0.35,0,1,0,Can Keleş,Kocaelispor,918408,3065
1,4,0,11,26.83,0,0.0,4,30.77,5,0,79.55,11,24.44,254,2,10,6,9,0,0,0,2,3,0,0,0,0,12,0,35,3,1,20.0,2,100.0,3,6,5,1,7,4,1,14.29,0,1,0.95,0,0,0,Yusuf Kabadayi,Gaziantep FK,1130113,5138
0,3,0,67,42.14,6,50.0,24,41.38,20,0,77.21,73,42.69,878,23,21,24,12,0,0,0,14,1,0,0,0,0,61,3,166,7,2,22.22,6,54.55,5,3,13,2,26,7,6,0.0,0,3,1.69,0,0,0,Denis Drăguş,Eyüpspor,841199,7040
0,0,0,9,42.86,3,50.0,6,85.71,2,0,55.88,12,44.44,163,1,5,3,3,0,0,0,0,0,0,0,0,0,8,0,19,1,1,14.29,0,0.0,1,0,3,0,4,1,1,0.0,0,0,0.17,0,0,0,Devrim Şahin,Beşiktaş JK,2273226,3050
0,0,0,3,21.43,3,75.0,1,50.0,0,0,84.81,6,33.33,185,2,2,4,3,0,0,0,2,1,0,0,0,0,11,0,67,0,0,0.0,7,58.33,1,3,4,0,2,1,0,0.0,0,0,0.06,0,0,0,Yaw Ackah,Kayserispor,984096,3072
0,1,0,2,66.67,0,0.0,0,0.0,1,0,66.67,2,66.67,36,1,1,0,3,0,0,0,1,0,0,0,0,0,3,0,8,0,0,0.0,0,0.0,0,0,0,0,1,0,1,0.0,0,0,0.06,0,0,0,Mert Yilmaz,Antalyaspor,881966,3056
0,1,0,3,27.27,2,50.0,0,0.0,3,0,77.59,5,33.33,114,0,4,2,7,0,0,0,1,0,0,0,0,0,16,0,45,0,0,0.0,3,37.5,0,4,1,0,1,0,0,0.0,0,0,0.02,0,0,0,Mehmet Eray Özbek,Kayserispor,1011955,3072
0,5,0,44,44.0,12,44.44,4,26.67,28,1,76.79,56,44.09,1440,12,30,6,16,0,0,0,19,2,0,0,0,0,60,1,301,8,7,25.93,37,52.86,11,43,10,0,8,2,3,0.0,0,1,0.31,0,0,0,Pedro Pereira,Gençlerbirliği,807291,7802
1,2,2,33,56.9,18,47.37,2,100.0,20,0,83.98,51,53.13,1269,11,20,0,15,0,0,0,18,2,0,0,0,0,21,0,388,2,0,0.0,39,55.71,17,64,8,2,7,3,1,14.29,0,0,0.8,1,0,0,Thalisson Kelven,Gençlerbirliği,863277,7802
0,1,0,5,41.67,5,45.45,2,100.0,2,0,65.96,10,43.48,196,1,2,3,4,0,0,0,2,0,0,0,0,0,11,0,31,0,0,0.0,1,33.33,0,3,3,0,6,0,1,0.0,0,3,0.19,0,0,0,Oğulcan Çağlayan,Kocaelispor,387050,3065
2,1,0,20,39.22,12,48.0,1,20.0,8,0,66.1,32,42.11,516,11,15,10,13,0,0,0,7,2,0,0,0,0,27,0,78,4,1,50.0,4,50.0,1,6,3,4,22,6,5,9.09,1,2,2.28,0,0,0,Indrit Tuci,Kayserispor,985412,3072
2,0,1,38,53.52,7,30.43,11,55.0,12,0,69.44,45,47.87,805,16,10,8,13,0,0,0,13,0,0,0,0,0,37,2,125,11,1,14.29,7,58.33,3,8,6,1,18,7,6,11.11,0,2,2.02,0,0,0,Sekou Koita,Gençlerbirliği,822710,7802
0,1,0,30,47.62,8,53.33,6,35.29,15,0,73.44,38,48.72,745,9,8,6,14,0,0,0,13,1,0,0,0,0,55,1,141,6,3,17.65,7,58.33,7,4,10,3,6,4,2,0.0,0,3,0.86,0,0,0,Carlos Mané,Kayserispor,859748,3072
0,3,0,12,37.5,3,42.86,1,16.67,10,1,80.77,15,38.46,371,1,4,3,5,0,0,0,4,0,0,0,0,0,33,0,105,4,2,28.57,1,12.5,2,13,8,0,2,0,0,0.0,0,1,0.06,0,0,0,Kazımcan Karataş,Galatasaray,1008884,3061
0,0,0,31,58.49,3,14.29,18,69.23,6,0,74.05,34,45.95,508,7,3,9,11,0,0,0,4,1,0,0,0,0,36,0,97,5,5,23.81,5,35.71,1,2,2,0,7,2,2,0.0,1,4,0.67,0,0,0,Darko Churlinov,Kocaelispor,876345,3065
1,2,0,22,34.38,17,53.13,1,12.5,13,1,74.14,39,40.63,909,8,12,18,13,0,0,0,19,1,0,0,0,0,85,2,195,12,2,14.29,7,46.67,3,5,6,2,20,5,7,5.0,0,0,2.06,0,0,0,Tiago Çukur,Fatih Karagümrük,1123608,4954
0,0,0,3,50.0,3,50.0,0,0.0,3,1,86.67,6,50.0,65,0,2,1,6,0,0,0,0,0,0,0,0,0,6,1,13,2,0,0.0,1,50.0,1,2,0,0,5,1,2,0.0,0,0,0.31,0,0,0,Ahmed Kutucu,Galatasaray,906049,3061
0,0,0,8,38.1,2,66.67,3,37.5,2,0,72.73,10,41.67,108,3,4,2,6,0,0,0,2,1,0,0,0,0,12,0,24,4,1,33.33,0,0.0,2,1,2,1,2,2,0,0.0,0,1,0.71,0,0,0,Polat Yaldır,Samsunspor,1135583,3053
0,2,0,10,33.33,3,27.27,2,50.0,5,1,74.71,13,31.71,273,3,8,8,7,0,0,0,3,1,0,0,0,0,23,1,65,4,6,33.33,2,50.0,1,1,3,0,1,0,1,0.0,0,2,0.02,0,0,0,Rigoberto Rivas,Kocaelispor,837742,3065
0,2,0,16,61.54,15,55.56,0,0.0,9,0,86.96,31,58.49,548,7,7,1,7,0,0,0,8,2,0,0,0,0,15,0,280,0,0,0.0,13,34.21,11,41,3,0,2,0,0,0.0,0,0,0.11,0,1,0,Emir Ortakaya,Eyüpspor,1091815,7040
0,0,0,25,48.08,7,35.0,5,71.43,13,1,75.7,32,44.44,1271,7,13,3,15,0,0,0,17,2,0,0,0,0,84,1,324,8,10,27.03,15,29.41,14,41,10,0,2,1,0,0.0,0,2,0.05,0,0,0,Godfried Frimpong,Kasımpaşa,931743,6063
1,1,0,20,50.0,11,36.67,5,55.56,4,0,65.12,31,44.29,533,11,9,6,11,0,0,0,8,3,0,0,0,0,15,0,56,1,2,40.0,1,16.67,1,3,1,2,12,6,1,8.33,0,5,1.41,0,0,0,Tomáš Čvančara,Antalyaspor,929163,3056
1,2,0,14,43.75,5,38.46,2,50.0,5,0,75.32,19,42.22,251,7,12,7,13,0,0,0,7,0,0,0,0,0,19,1,58,3,2,66.67,1,50.0,1,1,0,1,8,2,2,12.5,1,0,1.46,0,0,0,Danylo Sikan,Trabzonspor,945479,3051
1,0,0,5,22.73,1,20.0,3,33.33,0,0,81.82,6,22.22,212,2,6,3,7,0,0,0,4,0,0,0,0,0,9,0,36,1,0,0.0,3,75.0,1,0,3,1,4,1,0,25.0,0,2,0.95,0,0,0,Dal Varešanović,Gençlerbirliği,979109,7802
0,1,0,8,61.54,0,0.0,2,66.67,1,1,84.51,8,47.06,163,5,2,0,7,0,0,0,4,1,0,0,0,0,17,1,60,3,2,22.22,4,50.0,2,3,2,0,1,1,0,0.0,0,0,0.03,0,0,0,Nurettin Korkmaz,Kayserispor,976993,3072
0,0,0,0,0.0,0,0.0,0,0.0,0,0,57.14,0,0.0,22,0,0,0,1,0,0,0,0,0,0,0,0,0,1,0,4,0,0,0.0,1,50.0,0,0,0,0,0,0,0,0.0,0,0,,0,0,0,Mateusz Wieteska,Kocaelispor,286087,3065
0,0,0,0,0.0,0,0.0,0,0.0,0,0,33.33,0,0.0,8,0,0,0,1,0,0,0,0,0,0,0,0,0,0,0,1,0,0,0.0,0,0.0,0,0,0,0,0,0,0,0.0,0,0,,0,0,0,Baran Ali Gezek,Eyüpspor,1215110,7040
0,1,0,1,33.33,1,33.33,0,0.0,0,0,100.0,2,33.33,15,1,2,0,2,0,0,0,0,0,0,0,0,0,1,0,2,0,0,0.0,0,0.0,0,0,0,0,0,0,0,0.0,0,0,,0,0,0,Metehan Altunbaş,Eyüpspor,957798,7040
0,2,0,42,43.3,6,22.22,8,24.24,15,0,81.01,48,38.71,1288,19,10,9,17,0,0,0,18,1,0,0,0,0,68,1,273,8,8,25.0,8,34.78,9,23,11,5,22,6,5,0.0,0,4,1.77,0,0,0,Serdar Gürler,Eyüpspor,96520,7040
0,0,0,5,33.33,7,63.64,0,0.0,1,0,73.53,12,46.15,165,4,4,2,2,0,0,0,2,0,0,0,0,0,9,0,25,1,0,0.0,1,100.0,0,1,1,1,5,1,0,0.0,1,0,0.56,0,0,0,Andraž Šporar,Alanyaspor,166987,6362
0,0,0,8,38.1,1,33.33,1,20.0,3,0,75.79,9,37.5,539,4,8,1,12,0,0,0,11,1,0,0,0,0,34,0,72,5,0,0.0,2,66.67,0,4,0,0,5,2,0,0.0,0,5,0.26,0,0,0,Andre Gray,Fatih Karagümrük,73951,4954
0,0,0,2,40.0,1,33.33,0,0.0,1,0,0.0,3,37.5,29,1,0,1,3,0,0,0,0,0,0,0,0,0,0,0,0,0,0,0.0,0,0.0,0,0,1,1,1,0,0,0.0,0,0,0.23,0,0,0,Furkan Ayaz,Gençlerbirliği,2216422,7802
0,0,0,3,42.86,1,33.33,1,100.0,2,0,78.72,4,40.0,113,0,2,1,8,0,0,0,3,0,0,0,0,0,12,1,37,2,2,28.57,1,50.0,0,0,1,0,1,0,0,0.0,0,0,0.04,0,0,0,Soner Aydoğdu,Samsunspor,69351,3053
0,0,0,3,60.0,0,0.0,1,50.0,1,0,76.92,3,60.0,30,1,0,0,3,0,0,0,0,0,0,0,0,0,3,0,10,1,0,0.0,0,0.0,0,0,1,0,1,0,0,0.0,0,0,0.04,0,0,0,Ömer Faruk Beyaz,Başakşehir FK,1022881,3086
0,0,0,4,44.44,0,0.0,0,0.0,1,0,86.36,4,44.44,56,3,4,1,2,0,0,0,0,0,0,0,0,0,2,0,19,1,0,0.0,0,0.0,0,1,0,0,1,0,0,0.0,0,0,0.03,0,0,0,Batista Mendy,Trabzonspor,859021,3051
0,1,0,20,51.28,6,33.33,1,20.0,17,0,79.5,26,45.61,978,2,5,1,13,0,0,0,17,0,0,0,0,0,68,2,287,5,3,20.0,21,39.62,8,43,9,0,1,0,1,0.0,0,0,0.02,0,0,0,Matěj Hanousek,Gençlerbirliği,320905,7802
0,0,0,3,100.0,2,66.67,2,100.0,0,0,57.84,5,83.33,990,1,0,0,11,32,21,11,16,1,16,5,5,5,19,0,225,0,0,0.0,80,33.47,0,10,0,0,0,0,0,0.0,0,0,,2,2,0,Abdullah Yiğiter,Antalyaspor,827515,3056
0,3,0,31,32.98,6,50.0,13,38.24,15,0,77.4,37,34.91,570,3,16,12,16,0,0,0,7,1,0,0,0,0,57,1,137,8,5,15.15,9,81.82,5,3,14,0,22,2,9,0.0,0,1,0.71,0,0,0,Ali Yavuz Kol,Kasımpaşa,910091,6063
0,3,0,51,61.45,13,54.17,4,40.0,27,0,88.25,64,59.81,1437,23,14,4,17,0,0,0,27,3,0,0,0,0,77,0,443,6,2,14.29,24,51.06,5,44,9,0,4,1,1,0.0,0,0,0.22,0,2,0,Kenneth Paal,Antalyaspor,285997,3056
2,3,0,26,41.27,6,23.08,4,28.57,4,0,80.3,32,35.96,719,18,13,14,16,0,0,0,12,1,0,0,0,0,58,1,159,7,0,0.0,14,82.35,1,8,2,5,13,7,1,15.38,2,2,3.4,0,1,0,Umut Bozok,Eyüpspor,869839,7040
0,3,0,15,55.56,4,36.36,1,33.33,6,0,80.12,19,50.0,384,8,8,1,8,0,0,0,4,3,0,0,0,0,13,0,129,1,1,20.0,8,40.0,6,13,1,0,0,0,0,0.0,0,1,,0,0,0,Abdulsamet Burak,Kayserispor,900798,3072
0,1,0,7,38.89,0,0.0,2,50.0,3,0,79.31,7,36.84,96,2,5,2,5,0,0,0,2,0,0,0,0,0,8,0,23,1,0,0.0,0,0.0,0,2,2,0,1,0,1,0.0,0,1,0.03,0,0,0,Dilhan Demir,Gençlerbirliği,1512782,7802
1,0,1,10,35.71,12,54.55,1,33.33,0,0,62.22,22,44.0,341,9,11,4,7,0,0,0,4,0,0,0,0,0,10,1,28,3,0,0.0,0,0.0,1,4,1,1,5,1,2,20.0,0,0,1.36,0,0,0,Davie Selke,Başakşehir FK,187437,3086
0,1,0,0,0.0,1,50.0,0,0.0,0,0,60.0,1,33.33,33,0,0,1,4,0,0,0,0,0,0,0,0,0,3,0,3,0,0,0.0,1,100.0,0,0,0,0,0,0,0,0.0,0,0,,0,0,0,Furkan Gedik,Kocaelispor,1129463,3065
0,0,0,4,50.0,0,0.0,0,0.0,3,0,85.71,4,44.44,34,1,1,0,5,0,0,0,0,0,0,0,0,0,4,0,6,1,0,0.0,0,0.0,0,0,0,0,0,0,0,0.0,0,0,,0,0,0,Kaan Akyazı,Konyaspor,1476229,3085
0,0,0,2,50.0,2,66.67,1,50.0,1,0,62.5,4,57.14,112,0,1,0,9,0,0,0,2,0,0,0,0,0,9,0,20,2,0,0.0,0,0.0,0,0,0,1,3,0,0,0.0,1,1,0.62,0,0,0,Melih Bostan,Konyaspor,1133195,3085
0,0,1,7,77.78,0,0.0,2,100.0,3,0,57.69,7,70.0,69,2,1,1,8,0,0,0,1,1,0,0,0,0,7,0,15,0,0,0.0,0,0.0,0,0,0,0,1,1,0,0.0,0,0,0.04,0,0,0,İsmail Köybaşı,Göztepe,43605,3054
0,1,0,8,50.0,4,25.0,1,25.0,2,0,78.57,12,37.5,180,6,4,1,10,0,0,0,3,0,0,0,0,0,13,0,33,0,0,0.0,0,0.0,0,2,1,0,3,1,0,0.0,0,0,0.17,0,0,0,Poyraz Efe Yıldırım,Antalyaspor,1195797,3056
0,1,0,1,14.29,3,75.0,0,0.0,1,0,86.49,4,36.36,81,1,4,0,2,0,0,0,2,0,0,0,0,0,5,0,32,0,0,0.0,1,25.0,4,2,3,0,0,0,0,0.0,0,0,,0,0,0,Necip Uysal,Beşiktaş JK,43394,3050
0,0,0,1,50.0,0,0.0,0,0.0,1,0,76.92,1,25.0,39,0,0,0,2,0,0,0,1,1,0,0,0,0,4,0,10,0,0,0.0,0,0.0,0,0,0,0,0,0,0,0.0,0,0,,0,0,0,Ali Karimi,Kayserispor,803869,3072
0,1,0,0,0.0,1,100.0,0,0.0,0,0,33.33,1,50.0,20,0,1,0,4,0,0,0,1,0,0,0,0,0,0,0,2,0,0,0.0,0,0.0,0,0,0,0,0,0,0,0.0,0,1,,0,0,0,Salem Bouajila,Göztepe,2029551,3054
0,1,0,12,50.0,3,25.0,3,75.0,4,0,70.93,15,41.67,279,5,5,5,9,0,0,0,5,1,0,0,0,0,12,0,61,0,1,10.0,4,26.67,3,20,2,0,0,0,0,0.0,0,2,,0,1,0,Samet Karakoc,Antalyaspor,1148625,3056
0,1,0,14,43.75,1,14.29,3,50.0,3,0,67.16,15,38.46,324,8,8,5,8,0,0,0,10,0,0,0,0,0,17,0,45,4,2,22.22,0,0.0,4,3,2,1,4,2,1,0.0,0,2,0.39,0,0,0,João Camacho,Fatih Karagümrük,317677,4954
0,0,0,8,27.59,2,66.67,3,23.08,1,0,83.18,10,31.25,280,4,6,4,9,0,0,0,6,0,0,0,0,0,34,0,89,2,2,14.29,0,0.0,4,0,1,0,5,4,1,0.0,1,2,0.31,0,0,0,Meschack Elia,Alanyaspor,862078,6362
1,2,0,12,36.36,19,38.0,1,25.0,3,0,70.24,31,37.35,466,8,12,6,11,0,0,0,12,2,0,0,0,0,24,1,59,6,0,0.0,1,100.0,0,9,2,1,14,4,4,7.14,0,2,1.34,0,0,0,Emmanuel Boateng,Gaziantep FK,580392,5138
0,0,0,1,50.0,1,100.0,0,0.0,0,0,72.37,2,66.67,270,1,0,0,3,2,0,2,2,1,4,1,0,1,1,0,55,0,0,0.0,19,47.5,0,0,0,0,0,0,0,0.0,0,0,,1,0,0,İrfan Can Eğribayat,Fenerbahçe,594618,3052
0,0,0,6,50.0,4,66.67,3,75.0,3,0,85.22,10,55.56,157,0,1,1,3,0,0,0,5,1,0,0,0,0,10,0,98,0,0,0.0,7,36.84,3,7,3,0,1,0,0,0.0,0,0,0.04,0,0,0,Muzaffer Utku Eriş,Konyaspor,1981253,3085
0,1,0,3,100.0,0,0.0,0,0.0,0,0,51.56,3,100.0,360,3,0,0,4,7,5,2,7,1,4,0,1,0,3,0,66,0,0,0.0,28,31.46,0,3,0,0,0,0,0,0.0,0,0,,1,0,0,Gökhan Akkan,Gençlerbirliği,225012,7802
0,2,1,47,53.41,12,44.44,4,44.44,23,0,77.1,59,51.3,937,21,26,6,15,0,0,0,18,0,0,0,0,0,66,0,303,6,2,22.22,19,48.72,23,23,8,0,14,3,4,0.0,0,0,0.67,1,1,0,Marius Tresor Doh,Fatih Karagümrük,1907330,4954
0,1,0,39,48.75,13,34.21,7,29.17,16,0,70.37,52,44.07,1094,17,12,6,17,0,0,0,14,1,0,0,0,0,53,2,114,8,2,10.53,1,12.5,5,13,7,2,11,2,2,0.0,0,14,1.69,0,0,0,Mamadou Fall,Kasımpaşa,822228,6063
0,0,0,0,0.0,0,0.0,0,0.0,0,0,100.0,0,0.0,11,0,2,0,1,0,0,0,0,0,0,0,0,0,1,0,2,0,0,0.0,0,0.0,0,0,0,0,0,0,0,0.0,0,0,,0,0,0,Muhammed-Cham Saračević,Trabzonspor,958901,3051
0,0,0,1,33.33,1,33.33,0,0.0,1,0,83.33,2,33.33,68,0,2,0,1,0,0,0,1,1,0,0,0,0,1,0,10,1,0,0.0,0,0.0,0,0,0,0,0,0,0,0.0,0,1,,0,0,0,Daniel Popa,Gençlerbirliği,845165,7802
0,0,0,0,0.0,1,100.0,0,0.0,0,0,100.0,1,50.0,8,0,1,0,1,0,0,0,1,0,0,0,0,0,0,0,5,0,0,0.0,0,0.0,0,0,0,0,0,0,0,0.0,0,0,,0,0,0,Ebrima Ceesay,Samsunspor,2216420,3053
0,0,0,0,0.0,0,0.0,0,0.0,0,0,85.71,0,0.0,8,0,0,0,1,0,0,0,0,0,0,0,0,0,3,0,6,0,0,0.0,0,0.0,0,0,0,0,0,0,0,0.0,0,0,,0,0,0,Burhan Ersoy,Fatih Karagümrük,1640309,4954
0,0,0,0,0.0,0,0.0,0,0.0,0,0,37.5,0,0.0,45,0,0,0,1,0,0,0,1,0,0,0,0,0,1,0,3,0,0,0.0,0,0.0,0,0,0,0,0,0,0,0.0,0,0,,0,0,0,Mesut Can Tunalı,Kocaelispor,984742,3065
0,0,0,0,0.0,0,0.0,0,0.0,0,0,100.0,0,0.0,8,0,1,1,1,0,0,0,0,0,0,0,0,0,0,0,1,0,0,0.0,0,0.0,0,0,0,0,0,0,0,0.0,0,0,,0,0,0,Tuğbey Akgün,Fatih Karagümrük,1082393,4954
0,0,0,5,50.0,2,66.67,0,0.0,4,0,96.67,7,53.85,147,1,4,1,2,0,0,0,4,1,0,0,0,0,2,0,29,0,0,0.0,0,0.0,3,5,1,0,0,0,0,0.0,0,0,,0,0,0,Moussa Kyabou,Gençlerbirliği,1099267,7802
0,0,1,8,42.11,1,50.0,5,45.45,1,0,80.0,9,42.86,123,2,4,2,6,0,0,0,4,1,0,0,0,0,10,1,24,2,3,75.0,2,66.67,0,3,0,0,6,1,3,0.0,0,0,0.17,0,0,0,Doğukan Sinik,Antalyaspor,796114,3056
0,1,0,6,35.29,1,25.0,1,20.0,1,0,77.27,7,33.33,98,4,5,1,4,0,0,0,2,0,0,0,0,0,6,0,17,2,0,0.0,1,50.0,2,1,1,0,1,0,1,0.0,0,0,0.12,0,0,0,Mustafa Hekimoğlu,Beşiktaş JK,1524303,3050
0,4,0,36,37.89,4,19.05,6,37.5,17,2,84.42,40,34.48,1239,14,17,10,16,0,0,0,19,5,0,0,0,0,172,0,466,12,7,28.0,20,45.45,16,38,22,0,5,0,1,0.0,0,1,0.32,0,1,0,Ramazan Civelek,Kayserispor,781408,3072
0,1,0,3,37.5,6,31.58,0,0.0,2,0,89.44,9,33.33,298,1,3,0,8,0,0,0,9,2,0,0,0,0,9,0,144,1,0,0.0,9,69.23,5,16,2,0,0,0,0,0.0,0,0,,0,2,0,Josip Ćalušić,Konyaspor,172331,3085
0,1,0,6,26.09,6,40.0,0,0.0,4,0,83.02,12,31.58,186,2,9,4,7,0,0,0,0,0,0,0,0,0,12,1,44,3,0,0.0,0,0.0,0,1,2,4,6,3,0,0.0,0,0,1.46,0,0,0,Steve Mounié,Alanyaspor,345035,6362
0,0,0,4,28.57,2,33.33,2,40.0,2,0,74.42,6,30.0,178,0,1,6,11,0,0,0,3,1,0,0,0,0,14,0,32,1,0,0.0,3,42.86,3,1,0,1,1,1,0,0.0,0,4,0.79,0,0,0,Henry Onyekuru,Gençlerbirliği,809220,7802
1,1,0,2,12.5,6,24.0,1,25.0,0,0,70.0,8,19.51,88,1,5,5,9,0,0,0,1,0,0,0,0,0,8,0,14,0,0,0.0,1,100.0,0,1,2,1,5,3,1,20.0,0,0,0.53,0,0,0,Ibrahim Sabra,Göztepe,1522038,3054
0,0,0,2,40.0,0,0.0,1,33.33,0,0,66.67,2,40.0,23,1,1,0,3,0,0,0,1,0,0,0,0,0,1,0,4,0,0,0.0,0,0.0,1,1,0,0,0,0,0,0.0,0,0,,0,0,0,Mirza Cihan,Gaziantep FK,909289,5138
0,1,0,5,62.5,5,27.78,0,0.0,2,0,81.97,10,38.46,181,3,1,0,3,0,0,0,5,0,0,0,0,0,1,0,50,0,0,0.0,6,50.0,0,11,2,0,0,0,0,0.0,0,0,,0,0,0,Fatih Kurucuk,Fatih Karagümrük,807093,4954
0,0,0,2,33.33,9,36.0,0,0.0,1,0,80.58,11,35.48,315,1,5,0,4,0,0,0,5,0,0,0,0,0,6,0,112,0,0,0.0,9,30.0,6,17,0,0,1,1,0,0.0,0,1,0.06,0,0,0,Aaron Appindangoyé,Kocaelispor,785850,3065
0,1,0,10,29.41,0,0.0,2,40.0,6,0,75.81,10,21.74,283,2,9,5,9,0,0,0,4,1,0,0,0,0,18,1,47,1,1,50.0,1,33.33,1,1,9,0,6,1,0,0.0,0,3,0.14,0,0,0,Tarik Bugra Kalpakli,Fatih Karagümrük,2018983,4954
0,0,0,4,57.14,0,0.0,0,0.0,2,0,89.29,4,57.14,79,2,0,1,3,0,0,0,3,1,0,0,0,0,5,0,25,0,2,66.67,0,0.0,1,1,2,0,1,0,1,0.0,0,0,0.01,0,0,0,Talha Ülvan,Eyüpspor,1084164,7040
0,0,0,14,29.17,2,40.0,2,11.76,9,0,68.35,16,30.19,266,3,12,5,7,0,0,0,7,0,0,0,0,0,22,0,54,1,0,0.0,3,27.27,4,2,4,0,10,3,2,0.0,1,0,0.25,0,0,0,Ahmet Sivri,Fatih Karagümrük,941378,4954
0,0,0,0,0.0,0,0.0,0,0.0,0,0,0.0,0,0.0,11,0,0,0,1,0,0,0,0,0,0,0,0,0,0,0,0,0,0,0.0,0,0.0,0,0,0,0,0,0,0,0.0,0,0,,0,0,0,Berk Can Yildizli,Kasımpaşa,2056436,6063
0,1,0,6,50.0,5,83.33,0,0.0,3,0,74.67,11,61.11,187,3,6,0,4,0,0,0,6,0,0,0,0,0,3,0,56,0,0,0.0,1,10.0,4,11,1,0,1,0,0,0.0,0,0,0.05,0,0,0,Nikoloz Ugrekhelidze,Fatih Karagümrük,1006105,4954
0,0,0,5,55.56,2,100.0,0,0.0,4,0,81.25,7,63.64,93,1,1,0,4,0,0,0,3,2,0,0,0,0,4,0,39,0,0,0.0,2,25.0,5,5,3,0,0,0,0,0.0,0,0,,1,0,0,Kayra Cihan,Kayserispor,1982283,3072
0,1,0,8,30.77,9,42.86,0,0.0,5,0,81.44,17,36.17,495,3,6,2,7,0,0,0,9,1,0,0,0,0,21,0,215,1,1,50.0,13,40.63,12,26,9,1,3,1,0,0.0,0,0,0.1,0,5,0,Muhammed Kadıoğlu,Fatih Karagümrük,2044133,4954
0,0,0,5,35.71,4,50.0,0,0.0,5,0,84.88,9,40.91,372,0,6,0,6,0,0,0,9,0,0,0,0,0,16,0,146,1,0,0.0,15,48.39,2,23,3,0,0,0,0,0.0,0,0,,0,0,0,Oleksandr Syrota,Kocaelispor,976367,3065
0,2,0,18,46.15,8,44.44,2,66.67,8,0,80.38,26,45.61,648,9,10,5,9,0,0,0,16,0,0,0,0,0,77,1,254,6,2,15.38,14,42.42,7,8,6,0,1,0,1,0.0,0,2,0.02,1,2,0,Ricardo Esgaio,Fatih Karagümrük,97000,4954
0,1,0,5,41.67,3,42.86,0,0.0,2,0,75.86,8,42.11,305,3,4,0,4,0,0,0,7,2,0,0,0,0,6,1,66,1,0,0.0,6,37.5,0,8,2,1,1,0,0,0.0,0,0,0.43,0,0,0,Gideon Jung,Kayserispor,288439,3072
0,0,0,2,50.0,0,0.0,1,100.0,0,0,63.64,2,40.0,28,1,0,2,1,0,0,0,1,0,0,0,0,0,2,0,7,0,0,0.0,0,0.0,0,0,0,0,3,1,1,0.0,0,0,0.35,0,0,0,Yusuf Demir,Galatasaray,962283,3061
0,0,0,0,0.0,0,0.0,0,0.0,0,0,60.0,0,0.0,45,0,0,2,1,0,0,0,1,0,0,0,0,0,0,0,3,0,1,50.0,0,0.0,0,1,0,0,1,0,1,0.0,0,0,0.09,0,0,0,Firatcan Üzüm,Gençlerbirliği,904112,7802
0,0,1,3,25.0,0,0.0,0,0.0,3,0,68.57,3,18.75,229,0,3,3,7,0,0,0,2,0,0,0,0,0,5,0,24,2,1,100.0,1,25.0,3,1,2,0,3,0,1,0.0,1,1,0.12,0,0,0,Samet Yalçın,Kocaelispor,789102,3065
0,1,0,6,40.0,1,33.33,2,66.67,0,0,79.41,7,38.89,158,4,2,5,2,0,0,0,4,0,0,0,0,0,6,0,27,0,0,0.0,2,33.33,1,2,1,0,3,0,1,0.0,0,0,0.21,0,0,0,Adama Malouda Traoré,Gençlerbirliği,1172372,7802
0,0,0,1,16.67,0,0.0,0,0.0,1,0,80.0,1,16.67,72,0,1,2,2,0,0,0,3,0,0,0,0,0,8,0,28,1,0,0.0,0,0.0,0,0,1,0,1,0,0,0.0,0,0,0.02,1,0,0,Ömer Faruk Gümüş,Fatih Karagümrük,1134270,4954
0,0,0,3,50.0,4,50.0,0,0.0,3,0,84.43,7,50.0,228,0,2,0,5,0,0,0,8,1,0,0,0,0,9,0,103,0,0,0.0,5,29.41,2,7,1,1,2,1,1,0.0,0,0,0.42,0,0,0,Arif Kocaman,Kayserispor,1173638,3072
0,0,0,0,0.0,0,0.0,0,0.0,0,0,85.71,0,0.0,35,0,0,0,1,0,0,0,2,0,0,0,0,0,0,0,6,0,0,0.0,0,0.0,1,0,0,0,0,0,0,0.0,0,0,,0,0,0,Salem M'Bakata,Gaziantep FK,940367,5138
0,0,0,1,100.0,0,0.0,0,0.0,1,0,0.0,1,100.0,1,0,0,0,1,0,0,0,0,0,0,0,0,0,0,0,0,0,0,0.0,0,0.0,1,0,0,0,0,0,0,0.0,0,0,,0,0,0,Alexander Djiku,Fenerbahçe,289977,3052
0,0,0,1,50.0,0,0.0,0,0.0,0,0,50.0,1,33.33,1,1,0,1,1,0,0,0,2,0,0,0,0,0,0,0,2,0,0,0.0,0,0.0,0,0,0,0,0,0,0,0.0,0,0,,0,0,0,Boran Başkan,Trabzonspor,1974312,3051
0,0,0,0,0.0,0,0.0,0,0.0,0,0,0.0,0,0.0,1,0,1,0,1,0,0,0,0,0,0,0,0,0,0,0,0,0,0,0.0,0,0.0,0,0,0,0,0,0,0,0.0,0,0,,0,0,0,Haydar Karataş,Fenerbahçe,1823934,3052
0,0,0,0,0.0,0,0.0,0,0.0,0,0,100.0,0,0.0,1,0,0,0,1,0,0,0,0,1,0,0,0,0,0,0,1,0,0,0.0,0,0.0,0,0,0,0,0,0,0,0.0,0,0,,0,0,0,Samu Sáiz,Eyüpspor,99527,7040
0,0,0,0,0.0,0,0.0,0,0.0,0,0,0.0,0,0.0,1,0,0,0,1,0,0,0,0,0,0,0,0,0,0,0,0,0,0,0.0,0,0.0,0,0,0,0,0,0,0,0.0,0,0,,0,0,0,Uğur Kaan Yıldız,Göztepe,995383,3054
0,0,0,0,0.0,0,0.0,0,0.0,0,0,100.0,0,0.0,1,0,0,0,1,0,0,0,0,0,0,0,0,0,0,0,1,0,0,0.0,0,0.0,1,0,0,0,0,0,0,0.0,0,0,,0,0,0,Kerem Kayaarasi,Antalyaspor,1839258,3056
0,0,0,0,0.0,0,0.0,0,0.0,0,0,0.0,0,0.0,1,0,0,0,1,0,0,0,0,0,0,0,0,0,0,0,0,0,0,0.0,0,0.0,0,0,0,0,0,0,0,0.0,0,0,,0,0,0,Batuhan Yavuz,Alanyaspor,1195735,6362
0,0,0,0,0.0,0,0.0,0,0.0,0,0,100.0,0,0.0,1,0,0,0,1,0,0,0,0,0,0,0,0,0,0,0,7,0,0,0.0,0,0.0,0,0,0,0,0,0,0,0.0,0,0,,0,0,0,Ufuk Akyol,Konyaspor,859546,3085
0,0,0,1,33.33,1,100.0,0,0.0,1,0,0.0,2,50.0,1,0,0,1,1,0,0,0,0,0,0,0,0,0,0,0,0,0,0,0.0,0,0.0,0,0,0,0,0,0,0,0.0,0,0,,0,0,0,Mete Kaan Demir,Eyüpspor,845929,7040
0,0,0,0,0.0,0,0.0,0,0.0,0,0,80.0,0,0.0,1,0,0,0,1,0,0,0,0,0,0,0,0,0,1,0,4,0,0,0.0,0,0.0,0,0,0,0,0,0,0,0.0,0,0,,0,0,0,Ali Demirbilek,Antalyaspor,2128089,3056
0,0,0,0,0.0,0,0.0,0,0.0,0,0,0.0,0,0.0,1,0,0,0,1,0,0,0,0,0,0,0,0,0,0,0,0,0,0,0.0,0,0.0,0,0,0,0,0,0,0,0.0,0,0,,0,0,0,Tibet Durakcay,Göztepe,2023967,3054
0,1,0,0,0.0,0,0.0,0,0.0,0,0,100.0,0,0.0,2,0,1,0,1,0,0,0,0,0,0,0,0,0,0,0,1,0,0,0.0,0,0.0,0,0,0,0,0,0,0,0.0,0,0,,0,0,0,Tahsin Bülbül ,Samsunspor,2237105,3053
0,0,0,1,100.0,0,0.0,1,100.0,0,0,100.0,1,100.0,2,0,0,0,2,0,0,0,0,0,0,0,0,0,1,0,6,0,0,0.0,0,0.0,0,1,0,0,0,0,0,0.0,0,0,,0,0,0,Mücahit Ibrahimoglu,Konyaspor,1149209,3085
0,0,0,1,100.0,0,0.0,0,0.0,1,0,100.0,1,100.0,1,0,0,0,1,0,0,0,0,0,0,0,0,0,1,0,1,0,0,0.0,0,0.0,0,0,0,0,1,0,1,0.0,0,0,0.09,0,0,0,Gökdeniz Gürpüz,Galatasaray,1417051,3061
